chick.id,nest,year,egg.id,is.parasite,hatch.order,egg.vol,egg.seq,chin_chroma
5001-1,5001,2005,1,FALSE,1,30.8871456,1.5,0.665982325
5001-10,5001,2005,10,FALSE,5,31.24611766,10,0.700197171
5001-11,5001,2005,11,FALSE,6,31.48033894,11,0.74297165
5001-12,5001,2005,12,FALSE,7,28.71836471,12,0.692804224
5001-2,5001,2005,2,FALSE,2,34.48370667,1.5,0.605417789
5001-3,5001,2005,3,FALSE,1,35.03020798,3,0.678035171
5001-4,5001,2005,4,FALSE,2,32.1713078,4,0.641536162
5001-5,5001,2005,5,FALSE,2,34.429248,5,0.720932077
5001-6,5001,2005,6,FALSE,2,33.6223,6,0.719332689
5001-7,5001,2005,7,FALSE,2,32.83438,7,0.736519196
5001-9,5001,2005,9,FALSE,4,32.1713078,9,0.704341139
5002-10,5002,2005,10,FALSE,5,34.86569779,10,0.676184672
5002-5,5002,2005,5,FALSE,2,34.13515981,5,0.676667272
5002-6,5002,2005,6,FALSE,2,34.4413482,6,0.698597991
5002-7,5002,2005,7,FALSE,3,33.84717987,7,0.667942352
5002-8,5002,2005,8,FALSE,4,34.08192,8,0.63638395
5002-9,5002,2005,9,FALSE,4,34.72748751,9,0.789586758
5002-P1,5002,2005,P1,TRUE,7,35.653271,NA,0.789396981
5002-P2,5002,2005,P2,TRUE,7,27.64102669,NA,0.730892621
5002-P3,5002,2005,P3,TRUE,7,31.262828,NA,0.758354134
5003-1,5003,2005,1,FALSE,1,29.7228866,1.5,0.696491473
5003-10,5003,2005,10,FALSE,6,28.92595162,10,0.720002225
5003-2,5003,2005,2,FALSE,1,31.35348275,1.5,0.648538282
5003-3,5003,2005,3,FALSE,1,31.22662656,3,0.672590658
5003-4,5003,2005,4,FALSE,2,30.77521808,4,0.694586856
5003-5,5003,2005,5,FALSE,2,31.42639322,5,0.665692618
5003-6,5003,2005,6,FALSE,2,30.64685144,6,0.705710496
5003-7,5003,2005,7,FALSE,2,29.7439053,7,0.689900364
5003-9,5003,2005,9,FALSE,5,28.70906458,9,0.704683763
5004-2,5004,2005,2,FALSE,1,36.94296258,2,0.690853291
5004-3,5004,2005,3,FALSE,2,35.36151923,3,0.699643625
5004-6,5004,2005,6,FALSE,3,36.77786493,6,0.701808874
5004-P1,5004,2005,P1,TRUE,4,30.7012608,NA,0.6864307
5004-P11,5004,2005,P11,TRUE,4,30.90948608,NA,0.695191109
5004-P12,5004,2005,P12,TRUE,7,31.5971312,NA,0.639189947
5004-P13,5004,2005,P13,TRUE,6,31.36333336,NA,0.716969382
5004-P14,5004,2005,P14,TRUE,7,31.00404184,NA,0.629121114
5004-P2,5004,2005,P2,TRUE,3,29.9179311,NA,0.690343592
5004-P6,5004,2005,P6,TRUE,6,30.5923456,NA,0.649473807
5004-P7,5004,2005,P7,TRUE,4,30.95892243,NA,0.639745142
5005-1,5005,2005,1,FALSE,1,28.25854157,1.5,0.725503383
5005-2,5005,2005,2,FALSE,1,28.71836471,1.5,0.737176133
5005-3,5005,2005,3,FALSE,2,30.29176216,3,0.69025435
5005-4,5005,2005,4,FALSE,2,30.17001619,4,0.638492233
5005-5,5005,2005,5,FALSE,2,29.337248,5,0.67866526
5005-7,5005,2005,7,FALSE,4,30.00394249,7,0.69913155
5005-8,5005,2005,8,FALSE,4,29.2406072,8,0.743563133
5005-9,5005,2005,9,FALSE,6,28.83204013,9,0.7390638
5007-10,5007,2005,10,FALSE,1,30.41350813,NA,0.7076312
5007-11,5007,2005,11,FALSE,1,29.9994224,NA,0.650094067
5007-13,5007,2005,13,FALSE,1,NA,NA,0.709876867
5007-5,5007,2005,5,FALSE,2,29.0071256,NA,0.696213717
5007-7,5007,2005,7,FALSE,2,NA,NA,0.694642817
5007-8,5007,2005,8,FALSE,2,30.06124678,NA,0.64815205
5008-1,5008,2005,1,FALSE,1,31.2533483,1,0.740541167
5008-3,5008,2005,3,FALSE,3,33.4956566,3,0.728275367
5008-4,5008,2005,4,FALSE,3,34.502144,4,0.708721617
5008-5,5008,2005,5,FALSE,4,32.05587055,5,0.6801934
5008-6,5008,2005,6,FALSE,5,34.48195127,6,0.7195458
5008-7,5008,2005,7,FALSE,6,33.64567174,7,0.72264505
5008-P1,5008,2005,P1,TRUE,7,31.99681729,NA,0.7381072
5009-1,5009,2005,1,FALSE,1,30.38077568,1,0.741390267
5009-2,5009,2005,2,FALSE,1,31.30881037,2,0.668471833
5009-3,5009,2005,3,FALSE,1,30.2430344,3,0.686861967
5009-4,5009,2005,4,FALSE,1,30.448778,4,0.6821382
5009-5,5009,2005,5,FALSE,2,30.36841981,5,0.704984383
5009-6,5009,2005,6,FALSE,2,30.33863322,6,0.702817
5009-7,5009,2005,7,FALSE,3,30.09247254,7,0.705231267
5009-8,5009,2005,8,FALSE,4,NA,8,0.68320964
5009-P2,5009,2005,P2,TRUE,3,30.53859123,NA,0.6619752
5009-P3,5009,2005,p3,TRUE,4,28.46795034,NA,0.696939817
5009-P4,5009,2005,P4,TRUE,3,31.081392,NA,0.5951406
5009-P5,5009,2005,P5,TRUE,5,29.4620288,NA,0.681385417
5009-P6,5009,2005,P6,TRUE,6,26.3703808,NA,0.689071383
5009-P7,5009,2005,P7,TRUE,7,29.4740888,NA,0.65112405
5010-4,5010,2005,4,FALSE,2,31.93087214,4,0.732611051
5010-5,5010,2005,5,FALSE,1,31.75146061,5,0.734079261
5010-6,5010,2005,6,FALSE,2,32.05699186,6,0.769082082
5010-7,5010,2005,7,FALSE,3,31.724726,7,0.718857377
5010-8,5010,2005,8,FALSE,4,30.7809104,8,0.661420764
5011-1,5011,2005,1,FALSE,1,34.98905926,1,0.707932703
5011-2,5011,2005,2,FALSE,2,36.24755189,2,0.766513821
5011-3,5011,2005,3,FALSE,2,35.66104729,3,0.7588893
5011-4,5011,2005,4,FALSE,2,36.18587008,4,0.672267801
5011-5,5011,2005,5,FALSE,3,36.06112358,5,0.726799931
5011-6,5011,2005,6,FALSE,3,33.41583226,6,0.701132714
5011-7,5011,2005,7,FALSE,5,32.733612,7,0.719178819
5012-1,5012,2005,1,FALSE,2,33.0644714,NA,0.667996573
5012-4,5012,2005,4,FALSE,1,32.55861658,4,0.657774626
5012-5,5012,2005,5,FALSE,1,30.5773376,5,0.713682035
5012-6,5012,2005,6,FALSE,2,32.56266445,6,0.693347591
5012-7,5012,2005,7,FALSE,3,32.37158581,7,0.673405663
5012-8,5012,2005,8,FALSE,3,30.71718054,8,0.752265108
5012-P4,5012,2005,P4,TRUE,6,NA,NA,0.664996405
5012-P5,5012,2005,P5,TRUE,6,30.31844906,NA,0.764700787
5013-A,5013,2005,A,FALSE,2,NA,NA,0.71958207
5013-B,5013,2005,N/A,FALSE,1,NA,NA,0.683382795
5014-8,5014,2005,8,FALSE,1,29.19604845,8,0.720484598
5015-1,5015,2005,1,FALSE,1,29.35655043,1.5,0.639319413
5015-3,5015,2005,3,FALSE,1,30.59612708,3,0.657906492
5015-6,5015,2005,6,FALSE,3,31.32633114,6,0.754644251
5015-8,5015,2005,8,FALSE,4,30.1192318,8,0.754655874
5017-10,5017,2005,10,FALSE,1,29.91435491,10,0.690316698
5017-6,5017,2005,6,FALSE,2,29.40430374,6,0.720938414
5017-7,5017,2005,7,FALSE,2,30.4199948,7,0.701077709
5017-8,5017,2005,8,FALSE,2,31.141826,8,0.709872552
5017-9,5017,2005,9,FALSE,2,NA,9,0.710736835
5018-1,5018,2005,1,FALSE,2,29.5505224,NA,0.727290853
5018-2,5018,2005,2,FALSE,3,30.04827022,NA,0.642581549
5018-3,5018,2005,3,FALSE,1,29.88216275,NA,0.723054941
5018-4,5018,2005,4,FALSE,1,31.41691085,NA,0.64213662
5018-5,5018,2005,5,FALSE,1,30.84605798,NA,0.691874704
5018-6,5018,2005,6,FALSE,1,30.3914528,NA,0.68634717
5018-7,5018,2005,7,FALSE,3,30.825184,NA,0.723614929
5018-8,5018,2005,8,FALSE,3,30.86996144,NA,0.716517537
5018-9,5018,2005,9,FALSE,4,30.41756672,NA,0.692717091
5019-2,5019,2005,2,FALSE,2,29.94495194,2,0.670120459
5019-3,5019,2005,3,FALSE,2,32.064416,3,0.69217769
5019-4,5019,2005,4,FALSE,3,32.25057416,4,0.703014846
5019-5,5019,2005,5,FALSE,4,30.59151373,5,0.708340938
5019-6,5019,2005,6,FALSE,4,31.8785312,6.5,0.722442333
5019-7,5019,2005,7,FALSE,5,31.75271378,6.5,0.648643451
5019-8,5019,2005,8,FALSE,6,27.6876544,8,0.722361641
5019-9,5019,2005,9,FALSE,7,28.25854157,9,0.686865178
5020-1,5020,2005,1,FALSE,1,35.30345864,1,0.717232089
5020-2,5020,2005,2,FALSE,2,34.45170426,2,0.720380584
5020-3,5020,2005,3,FALSE,2,34.18302675,3,0.715599106
5020-4,5020,2005,4,FALSE,2,33.88494,4,0.74672191
5020-5,5020,2005,5,FALSE,2,32.53040154,5,0.708506882
5020-6,5020,2005,6,FALSE,2,33.9506,6,0.736450754
5020-7,5020,2005,7,FALSE,3,32.98478374,7,0.679140603
5020-8,5020,2005,8,FALSE,4,32.58438531,8,0.704055594
5020-9,5020,2005,9,FALSE,5,32.56220724,9,0.760235518
5021-1,5021,2005,1,FALSE,1,31.6926464,1,0.662943432
5021-2,5021,2005,2,FALSE,1,33.50808269,2,0.742560592
5021-3,5021,2005,3,FALSE,1,33.67997521,3,0.695684155
5021-4,5021,2005,4,FALSE,2,34.20157235,4,0.713602367
5021-5,5021,2005,5,FALSE,3,33.61408205,5,0.67130098
5021-6,5021,2005,6,FALSE,3,34.39353539,6,0.749706897
5021-7,5021,2005,7,FALSE,4,34.914194,7,0.67393045
5021-8,5021,2005,8,FALSE,5,34.25995454,8,0.686061823
5021-P1,5021,2005,P1,TRUE,7,34.86106836,NA,0.593028558
5021-P2,5021,2005,P2,TRUE,7,35.86226115,NA,0.59049392
5022-1,5022,2005,1,FALSE,1,30.84605798,1,0.739712751
5022-2,5022,2005,2,FALSE,3,32.87332147,2,0.68448603
5022-3,5022,2005,3,FALSE,2,33.91434925,3,0.704356705
5022-4,5022,2005,4,FALSE,2,33.30252401,4,0.690209849
5022-5,5022,2005,5,FALSE,2,34.3062494,5,0.703990444
5022-6,5022,2005,6,FALSE,3,33.45846946,6,0.726227856
5022-7,5022,2005,7,FALSE,3,31.4695364,7,0.756936508
5022-8,5022,2005,8,FALSE,4,31.03634227,8,0.783669836
5022-9,5022,2005,9,FALSE,5,31.1110939,9,0.695663205
5023-10,5023,2005,10,FALSE,5,33.44430887,NA,0.631138573
5023-11,5023,2005,11,FALSE,6,31.50678733,NA,0.679900066
5023-2,5023,2005,2,FALSE,1,30.83605354,NA,0.64807906
5023-5,5023,2005,5,FALSE,1,31.92433562,NA,0.669043345
5023-6,5023,2005,6,FALSE,2,33.5110532,NA,0.727750473
5023-7,5023,2005,7,FALSE,3,31.4488007,NA,0.656258705
5023-8,5023,2005,8,FALSE,4,32.43755401,NA,0.707178185
5023-9,5023,2005,9,FALSE,5,32.3122624,NA,0.722923653
5024-10,5024,2005,10,FALSE,5,33.57262191,10,0.678259274
5024-2,5024,2005,2,FALSE,1,36.05489794,2,0.698844949
5024-3,5024,2005,3,FALSE,1,33.55664,3,0.724507559
5024-5,5024,2005,5,FALSE,2,32.02368054,5,0.659142813
5024-6,5024,2005,6,FALSE,2,32.49133196,6,0.689879376
5024-8,5024,2005,8,FALSE,3,32.8092818,8,0.66395727
5024-9,5024,2005,9,FALSE,4,32.93973402,9,0.661353885
5026-1,5026,2005,1,FALSE,1,27.75312787,1,0.689191756
5026-10,5026,2005,10,FALSE,4,27.19530838,10,0.655854061
5026-2,5026,2005,2,FALSE,1,29.18037634,2,0.673910607
5026-3,5026,2005,3,FALSE,1,30.6004526,3,0.706942572
5026-5,5026,2005,5,FALSE,1,30.89915414,5,0.692327474
5026-6,5026,2005,6,FALSE,2,28.20543683,6,0.639524079
5026-7,5026,2005,7,FALSE,2,28.13819295,7,0.693716955
5026-8,5026,2005,8,FALSE,3,28.77638189,8,0.757789216
5026-9,5026,2005,9,FALSE,3,28.488425,9,0.707214167
5026-P1,5026,2005,P1,TRUE,1,32.35538467,NA,0.646444338
5026-P2,5026,2005,P2,TRUE,1,31.24920985,NA,0.613340589
5026-P3,5026,2005,P3,TRUE,1,32.46548979,NA,0.718943153
5026-P4,5026,2005,P4,TRUE,1,30.98497418,NA,0.714283681
5027-4,5027,2005,4,FALSE,2,29.64092416,4,0.593306131
5027-7,5027,2005,7,FALSE,1,27.88843303,7,0.66955338
5028-1,5028,2005,1,FALSE,1,30.05495629,1,0.678698918
5028-2,5028,2005,2,FALSE,1,29.8746014,2,0.692718324
5028-3,5028,2005,3,FALSE,1,30.3057271,3,0.707497924
5028-4,5028,2005,4,FALSE,1,29.32122321,4,0.737024782
5028-5,5028,2005,5,FALSE,2,30.767765,5,0.705910177
5028-6,5028,2005,6,FALSE,3,30.4174354,6,0.653839204
5028-7,5028,2005,7,FALSE,3,29.44587644,7,0.700899439
5028-8,5028,2005,8,FALSE,4,29.84989662,8,0.649250865
5029-2,5029,2005,2,FALSE,3,26.87458099,2,0.544701558
5029-3,5029,2005,3,FALSE,2,27.314384,3,0.658866031
5029-4,5029,2005,4,FALSE,2,27.50000402,4,0.609758547
5030-10,5030,2005,10,FALSE,2,29.6981636,10,0.609724053
5030-2,5030,2005,2,FALSE,3,31.68496659,2,0.686904901
5030-4,5030,2005,4,FALSE,2,30.95892243,4,0.749102152
5030-5,5030,2005,5,FALSE,3,32.37229118,5,0.612867182
5030-8,5030,2005,8,FALSE,2,29.0966376,8,0.626043928
5031-2,5031,2005,2,FALSE,1,32.44042,2,0.737348937
5031-3,5031,2005,3,FALSE,2,31.2143468,3,0.724896792
5031-4,5031,2005,4,FALSE,3,30.4431023,4,0.745857286
5031-5,5031,2005,5,FALSE,3,30.99105295,5,0.749393517
5031-7,5031,2005,7,FALSE,4,32.1926733,7,0.687707856
5031-8,5031,2005,8,FALSE,5,31.63644519,8,0.744786493
5031-P1,5031,2005,P1,TRUE,1,31.73567594,NA,0.726542649
5031-P2,5031,2005,P2,TRUE,2,30.6557737,NA,0.746177097
5032-1,5032,2005,1,FALSE,1,30.515376,NA,0.707913345
5032-2,5032,2005,2,FALSE,1,30.97291418,NA,0.623605468
5032-3,5032,2005,3,FALSE,1,32.03454579,NA,0.691144184
5032-5,5032,2005,5,FALSE,3,31.62227389,NA,0.646635245
5032-6,5032,2005,6,FALSE,3,30.06124678,NA,0.658051973
5032-8,5032,2005,8,FALSE,7,32.18311159,NA,0.677353384
5037-7,5037,2005,7,FALSE,3,34.46722253,7,0.676269762
5037-P1,5037,2005,P1,TRUE,7,30.33886316,NA,0.643278509
5039-1,5039,2005,1,FALSE,3,27.83594845,NA,0.734049421
5039-2,5039,2005,2,FALSE,4,28.534856,NA,0.717192478
5039-3,5039,2005,3,FALSE,4,28.21034016,NA,0.722025371
5039-4,5039,2005,4,FALSE,1,28.8560272,NA,0.735587872
5039-5,5039,2005,5,FALSE,1,28.86379491,NA,0.694649122
5039-6,5039,2005,6,FALSE,1,26.94304213,NA,0.700339625
5039-7,5039,2005,7,FALSE,1,27.833433,NA,0.741075699
5039-8,5039,2005,8,FALSE,5,28.54168678,NA,0.707210537
5041-A,5041,2005,N/A,FALSE,1,NA,NA,0.698643964
5044-3,5044,2005,3,FALSE,1,29.585952,NA,0.672954894
5044-4,5044,2005,4,FALSE,1,30.16519594,NA,0.65464836
5044-5,5044,2005,5,FALSE,1,NA,NA,0.726428002
5044-6,5044,2005,6,FALSE,1,29.84608191,NA,0.696423149
5045-1,5045,2005,1,FALSE,1,29.2405193,NA,0.700275984
5045-4,5045,2005,4,FALSE,3,29.05295842,NA,0.73822546
5045-5,5045,2005,5,FALSE,4,29.44937062,NA,0.706083034
5045-6,5045,2005,6,FALSE,5,28.37387162,NA,0.666636515
5045-7,5045,2005,7,FALSE,6,29.6981636,NA,0.678766875
5045-8,5045,2005,8,FALSE,6,29.29070444,NA,0.639345711
5045-9,5045,2005,9,FALSE,7,28.481792,NA,0.664620606
5046-5,5046,2005,5,FALSE,2,26.82841424,5,0.710265648
5046-7,5046,2005,7,FALSE,4,24.36213888,7,0.632598967
5046-8,5046,2005,8,FALSE,4,23.29726554,8,0.703063534
5048-1,5048,2005,1,FALSE,1,26.21008571,1,0.628403821
5048-2,5048,2005,2,FALSE,1,26.70158592,2,0.658771166
5048-3,5048,2005,3,FALSE,1,28.18205651,3,0.619360941
5048-4,5048,2005,4,FALSE,2,28.3146538,4,0.716909512
5048-5,5048,2005,5,FALSE,2,28.29071014,5,0.660961885
5048-8,5048,2005,8,FALSE,5,NA,8,0.666535795
5048-9,5048,2005,9,FALSE,7,27.86006523,9,0.742538256
5049-1,5049,2005,1,FALSE,1,33.44660992,NA,0.632214044
5049-3,5049,2005,3,FALSE,3,29.41457082,NA,0.668122932
5049-4,5049,2005,4,FALSE,3,30.48059603,NA,0.657367513
5049-5,5049,2005,5,FALSE,4,NA,NA,0.70894925
5049-7,5049,2005,7,FALSE,6,28.37387162,NA,0.726759018
5050-2,5050,2005,2,FALSE,1,34.12676015,NA,0.69222119
5050-5,5050,2005,5,FALSE,3,33.99571941,NA,0.745040409
5050-6,5050,2005,6,FALSE,3,34.01184765,NA,0.766423648
5053-1,5053,2005,1,FALSE,1,34.80418,1,0.602354491
5053-2,5053,2005,2,FALSE,2,36.25983594,2,0.67571456
5053-3,5053,2005,3,FALSE,1,36.39923238,3,0.59759607
5053-4,5053,2005,4,FALSE,2,34.41022,4,0.591576013
5053-5,5053,2005,5,FALSE,2,34.34456,5,0.590661017
5053-6,5053,2005,6,FALSE,3,31.69373984,6,0.629074582
5053-7,5053,2005,7,FALSE,3,33.5748506,7,0.660395617
5053-8,5053,2005,8,FALSE,4,34.0214324,8,0.653129486
5053-9,5053,2005,9,FALSE,5,33.12689878,9,0.696113985
5054-1,5054,2005,1,FALSE,2,30.5352541,1,0.695860608
5054-10,5054,2005,10,FALSE,6,29.22442,10,0.69785034
5054-3,5054,2005,3,FALSE,2,31.2657299,3,0.701031887
5054-4,5054,2005,4,FALSE,1,30.70721844,4,0.704380575
5054-5,5054,2005,5,FALSE,2,32.11795168,5,0.732698287
5054-6,5054,2005,6,FALSE,3,29.7659408,6,0.754261959
5054-7,5054,2005,7,FALSE,3,30.23742087,7,0.842536425
5054-8,5054,2005,8,FALSE,4,31.2621312,8,0.748153537
5054-9,5054,2005,9,FALSE,5,30.8311529,9,0.675263565
5055-10,5055,2005,10,FALSE,2,29.7098752,NA,0.6833713
5055-12,5055,2005,12,FALSE,1,30.55649792,NA,0.685144567
5055-6,5055,2005,6,FALSE,2,30.29131567,NA,0.704352733
5057-10,5057,2005,10,FALSE,1,29.5239904,10,0.666286417
5057-3,5057,2005,3,FALSE,2,31.31567492,3,0.6463695
5057-5,5057,2005,5,FALSE,2,30.89768765,5,0.66828345
5057-7,5057,2005,7,FALSE,1,30.900492,7,0.687153383
5057-8,5057,2005,8,FALSE,1,31.2533483,8,0.620381617
5057-9,5057,2005,9,FALSE,1,30.55649792,9,0.688942517
5058-3,5058,2005,3,FALSE,1,30.83164441,3,0.698367883
5058-5,5058,2005,5,FALSE,1,29.23126794,5,0.62679755
5058-8,5058,2005,8,FALSE,1,28.54686669,8,0.652901967
5058-9,5058,2005,9,FALSE,1,26.57880065,9,0.64269755
5058-P1,5058,2005,P1,FALSE,5,NA,NA,0.679791917
5058-P2,5058,2005,P2,TRUE,3,NA,NA,0.6958578
5061-1,5061,2005,1,FALSE,1,32.24920093,1,0.675001833
5061-2,5061,2005,2,FALSE,2,29.00845059,2,0.669913717
5061-3,5061,2005,3,FALSE,1,33.30934246,3,0.735845733
5061-4,5061,2005,4,FALSE,1,NA,4,0.695024217
5061-5,5061,2005,5,FALSE,2,31.75560925,5,0.643006967
5061-6,5061,2005,6,FALSE,2,29.2989776,6,0.7085385
5068-A,5068,2005,Exp,FALSE,1,NA,NA,0.655762967
6003-P1,6003,2006,P1,TRUE,7,28.9763324,NA,0.697825692
6003-P2,6003,2006,P2,TRUE,7,29.92652426,NA,0.709856531
6017-1,6017,2006,1,FALSE,1,31.4448,1.5,0.661284338
6017-10,6017,2006,10,FALSE,6,29.11783104,10,0.696101132
6017-3,6017,2006,3,FALSE,1,31.6926464,3,0.679348746
6017-4,6017,2006,4,FALSE,2,29.05295842,4,0.710548047
6017-5,6017,2006,5,FALSE,2,30.65961574,5,0.680708032
6017-6,6017,2006,6,FALSE,2,29.70863168,6,0.672749648
6017-7,6017,2006,7,FALSE,3,30.41756672,7,0.687616104
6017-8,6017,2006,8,FALSE,3,29.17183143,8,0.721430967
6017-9,6017,2006,9,FALSE,4,29.82286186,9,0.711008721
6017-P1,6017,2006,P1,TRUE,6,27.0842449,NA,0.689290831
6019-1,6019,2006,1,FALSE,1,27.06615811,2,0.728880042
6019-3,6019,2006,3,FALSE,1,22.80061276,4,0.703539303
6019-4,6019,2006,4,FALSE,1,29.44937062,5,0.69879521
6019-5,6019,2006,5,FALSE,1,27.86609523,6,0.722689292
6019-6,6019,2006,6,FALSE,2,25.8215168,7,0.725100365
6019-7,6019,2006,7,FALSE,2,26.63472099,8,0.712461205
6019-9,6019,2006,9,FALSE,3,25.95301261,10,0.743814016
6020-1,6020,2006,1,FALSE,2,29.64955162,1,0.713580461
6020-10,6020,2006,10,FALSE,6,28.54783256,10,0.744276733
6020-2,6020,2006,2,FALSE,1,27.45123123,2,0.695630177
6020-3,6020,2006,3,FALSE,1,28.64519053,3,0.715078018
6020-4,6020,2006,4,FALSE,2,28.1315696,4,0.712458614
6020-5,6020,2006,5,FALSE,2,28.48629601,5,0.707869692
6020-6,6020,2006,6,FALSE,2,27.79722138,6,0.744167227
6020-7,6020,2006,7,FALSE,3,27.8548864,7,0.716052153
6020-8,6020,2006,8,FALSE,4,28.76335066,8,0.712013483
6020-9,6020,2006,9,FALSE,5,28.71836471,9,0.714871058
6021-4,6021,2006,4,FALSE,1,33.1854734,4,0.67217021
6021-5,6021,2006,5,FALSE,2,32.93882067,5,0.650754119
6022-1,6022,2006,1,FALSE,1,30.73273472,1,0.710087678
6022-10,6022,2006,10,FALSE,7,33.638648,10,0.728111273
6022-2,6022,2006,2,FALSE,1,32.3356663,2,0.742798746
6022-3,6022,2006,3,FALSE,3,32.2483905,3,0.694271002
6022-4,6022,2006,4,FALSE,4,29.2073216,4,0.750926173
6022-6,6022,2006,6,FALSE,6,31.1110939,6,0.738779707
6022-7,6022,2006,7,FALSE,7,30.90948608,7,0.745592433
6022-9,6022,2006,9,FALSE,7,33.36780934,9,0.707184714
6025-10,6025,2006,10,FALSE,7,29.65017391,10,0.728798745
6025-11,6025,2006,11,FALSE,7,29.59144922,11,0.770341676
6025-13,6025,2006,13,FALSE,7,28.3066808,13,0.717920626
6025-2,6025,2006,2,FALSE,1,29.04553965,2,0.713958539
6025-3,6025,2006,3,FALSE,1,31.2533483,3,0.728524183
6025-4,6025,2006,4,FALSE,2,30.33886316,4,0.71206043
6025-5,6025,2006,5,FALSE,2,31.44762097,5,0.756340835
6025-6,6025,2006,6,FALSE,3,31.50265477,6,0.749233023
6025-7,6025,2006,7,FALSE,4,30.77521808,7,0.766951058
6025-8,6025,2006,8,FALSE,5,29.7676233,8,0.742179216
6025-9,6025,2006,9,FALSE,6,28.2483104,9,0.730738427
6025-P1,6025,2006,P1,TRUE,2,32.15275898,NA,0.686626935
6025-P2,6025,2006,P2,TRUE,2,32.3356663,NA,0.719159339
6028-1,6028,2006,1,FALSE,1,31.25854,1,0.675385417
6028-2,6028,2006,2,FALSE,1,30.97251003,2,0.640222668
6028-4,6028,2006,4,FALSE,2,31.76552364,4,0.705828064
6028-5,6028,2006,5,FALSE,2,31.99681729,5,0.682495741
6028-6,6028,2006,6,FALSE,3,31.73567594,6,0.733709377
6028-7,6028,2006,7,FALSE,4,29.56128635,7,0.698709291
6029-3,6029,2006,3,FALSE,1,33.17195334,3,0.759691604
6029-7,6029,2006,7,FALSE,6,32.05119181,7,0.740357436
6029-8,6029,2006,8,FALSE,7,31.05803955,8,0.759311406
6030-1,6030,2006,1,FALSE,1,35.06195955,1,0.708873888
6030-11,6030,2006,11,FALSE,7,33.81651853,11,0.727704451
6030-2,6030,2006,2,FALSE,1,35.46078,2,0.702790186
6030-3,6030,2006,3,FALSE,2,35.12339802,3,0.711119561
6030-4,6030,2006,4,FALSE,2,36.46716288,4,0.692844141
6030-5,6030,2006,5,FALSE,2,35.46218218,5,0.70878528
6030-6,6030,2006,6,FALSE,3,35.52641427,6,0.715830465
6030-7,6030,2006,7,FALSE,4,34.54294539,7,0.721289403
6030-8,6030,2006,8,FALSE,4,34.3404194,8,0.716172331
6030-9,6030,2006,9,FALSE,5,34.54071027,9,0.7141746
6031-10,6031,2006,10,FALSE,6,32.45381464,10,0.733507936
6031-11,6031,2006,11,FALSE,7,32.2414761,11,0.767089641
6031-5,6031,2006,5,FALSE,2,33.60385946,5,0.726558595
6031-7,6031,2006,7,FALSE,4,32.59531328,7,0.734885402
6031-8,6031,2006,8,FALSE,4,32.60453355,8,0.751493474
6031-9,6031,2006,9,FALSE,5,32.9657,9,0.719190258
6032-1,6032,2006,1,FALSE,1,30.59910349,1,0.712111053
6032-2,6032,2006,2,FALSE,1,30.46205847,2,0.722278412
6032-3,6032,2006,3,FALSE,1,29.87295642,3,0.73692901
6034-1,6034,2006,1,FALSE,1,28.6154168,NA,0.713807992
6034-10,6034,2006,10,FALSE,7,29.38885837,NA,0.719205469
6034-2,6034,2006,2,FALSE,1,26.68776355,NA,0.678732999
6034-3,6034,2006,3,FALSE,1,30.5763728,NA,0.713212981
6034-4,6034,2006,4,FALSE,2,29.23010535,NA,0.727544293
6034-6,6034,2006,6,FALSE,3,32.02368054,NA,0.739161374
6034-7,6034,2006,7,FALSE,4,29.036485,NA,0.722659769
6034-8,6034,2006,8,FALSE,6,28.95255651,NA,0.748809416
6034-9,6034,2006,9,FALSE,7,29.7583162,NA,0.748535461
6034-P1,6079,2006,P1,TRUE,1,28.69590899,NA,0.639523026
6038-1,6038,2006,1,FALSE,2,30.3914528,1.5,0.726622268
6038-10,6038,2006,10,FALSE,7,30.3914528,10,0.738848511
6038-11,6038,2006,11,FALSE,7,29.04531238,11,0.773101817
6038-2,6038,2006,2,FALSE,1,29.3381056,1.5,0.684423421
6038-3,6038,2006,3,FALSE,7,30.22825581,3,0.691500772
6038-4,6038,2006,4,FALSE,3,30.87952582,4,0.790825758
6038-5,6038,2006,5,FALSE,4,30.73273472,5,0.719590128
6038-6,6038,2006,6,FALSE,4,30.53027894,6,0.771585908
6038-8,6038,2006,8,FALSE,6,28.76335066,8,0.750386678
6038-9,6038,2006,9,FALSE,7,29.1831137,9,0.749748486
6039-10,6039,2006,10,FALSE,7,NA,NA,0.722532492
6039-5,6039,2006,5,FALSE,3,32.25057416,NA,0.677674307
6039-6,6039,2006,6,FALSE,3,32.74890086,NA,0.700232756
6039-7,6039,2006,7,FALSE,4,32.61205578,NA,0.716249597
6039-8,6039,2006,8,FALSE,5,31.1969536,NA,0.69780416
6039-9,6039,2006,9,FALSE,6,31.20386157,NA,0.73501863
6046-1,6046,2006,1,FALSE,1,29.88265587,1,0.720502055
6046-3,6046,2006,3,FALSE,1,31.48945309,3,0.696073237
6046-4,6046,2006,4,FALSE,1,32.37158581,4,0.741442758
6046-5,6046,2006,5,FALSE,2,30.29176216,5,0.731197873
6046-6,6046,2006,6,FALSE,2,31.41691085,6,0.707897771
6046-7,6046,2006,7,FALSE,3,31.42639322,7,0.75769128
6047-10,6047,2006,10,FALSE,3,29.56128635,NA,0.65954416
6047-11,6047,2006,11,FALSE,4,30.06203792,NA,0.661722773
6047-12,6047,2006,12,FALSE,4,28.71986176,NA,0.666022088
6047-13,6047,2006,13,FALSE,6,29.88587187,NA,0.687609499
6047-14,6047,2006,14,FALSE,6,29.1822368,NA,0.677089174
6047-15,6047,2006,15,FALSE,7,27.7425408,NA,0.689049901
6047-3,6047,2006,3,FALSE,1,31.24611766,NA,0.624021396
6047-4,6047,2006,4,FALSE,1,32.55861658,NA,0.672426541
6047-7,6047,2006,7,FALSE,2,30.65274851,NA,0.647059492
6047-8,6047,2006,8,FALSE,3,NA,NA,0.646662918
6054-2,6054,2006,2,FALSE,1,33.52525988,2,0.663661606
6054-3,6054,2006,3,FALSE,1,33.88580403,3,0.649898749
6054-4,6054,2006,4,FALSE,1,34.86594757,4,0.669322115
6054-5,6054,2006,5,FALSE,2,35.09852065,5,0.678163747
6054-6,6054,2006,6,FALSE,2,35.48766951,6,0.669637917
6054-7,6054,2006,7,FALSE,3,37.1680204,7,0.692609848
6054-8,6054,2006,8,FALSE,3,35.59958417,8,0.707844378
6054-9,6054,2006,9,FALSE,4,35.10855296,9,0.703889387
6056-1,6056,2006,1,FALSE,1,34.34456,NA,0.683845092
6056-2,6056,2006,2,FALSE,1,31.84204246,NA,0.633897923
6056-3,6056,2006,3,FALSE,1,35.92943053,NA,0.732638714
6056-4,6056,2006,4,FALSE,2,34.33439744,NA,0.689814165
6056-5,6056,2006,5,FALSE,1,35.85578842,NA,0.707834392
6056-6,6056,2006,6,FALSE,2,35.65199693,NA,0.68214014
6056-9,6056,2006,9,FALSE,3,32.68804986,NA,0.739376362
6057-1,6057,2006,1,FALSE,1,35.13051342,NA,0.673212968
6057-10,6057,2006,10,FALSE,7,36.13008642,NA,0.744154176
6057-11,6057,2006,11,FALSE,7,36.10054746,NA,0.718094605
6057-2,6057,2006,2,FALSE,1,30.8311529,NA,0.71098869
6057-3,6057,2006,3,FALSE,2,33.87921123,NA,0.738930194
6057-5,6057,2006,5,FALSE,3,35.06195955,NA,0.705607817
6057-6,6057,2006,6,FALSE,5,35.06682,NA,0.693336815
6057-7,6057,2006,7,FALSE,6,35.39690434,NA,0.742226994
6057-8,6057,2006,8,FALSE,4,36.06376928,NA,0.718934436
6061-4,6061,2006,4,FALSE,1,33.95985726,NA,0.693322657
6062-3,6062,2006,3,FALSE,1,33.0725591,NA,0.697937753
6063-1,6063,2006,1,FALSE,2,30.69240876,NA,0.678875237
6063-2,6063,2006,2,FALSE,1,29.97916589,NA,0.682769796
6063-3,6063,2006,3,FALSE,2,32.68943917,NA,0.713081805
6063-5,6063,2006,5,FALSE,2,30.13146922,NA,0.651406483
6063-8,6063,2006,8,FALSE,7,28.71057878,NA,0.719928023
6063-9,6063,2006,9,FALSE,5,30.31844906,NA,0.691976806
6064-10,6064,2006,10,FALSE,7,30.04827022,NA,0.734497086
6064-11,6064,2006,11,FALSE,7,33.50808269,NA,0.755193288
6064-12,6064,2006,12,FALSE,7,32.24920093,NA,0.755719266
6064-4,6064,2006,4,FALSE,2,34.70096998,NA,0.682859649
6064-5,6064,2006,5,FALSE,2,33.05630812,NA,0.753841918
6064-6,6064,2006,6,FALSE,4,33.8248067,NA,0.736608571
6064-7,6064,2006,7,FALSE,3,33.53744691,NA,0.713496337
6064-8,6064,2006,8,FALSE,5,32.6178896,NA,0.708546774
6064-9,6064,2006,9,FALSE,6,32.9917689,NA,0.716904875
6065-1,6065,2006,1,FALSE,1,32.8115137,NA,0.697121616
6065-2,6065,2006,2,FALSE,1,29.82069106,NA,0.690660297
6065-3,6065,2006,3,FALSE,1,33.3834584,NA,0.684565439
6065-4,6065,2006,4,FALSE,1,35.97922278,NA,0.685286597
6067-2,6067,2006,2,FALSE,1,32.21729821,NA,0.71655509
6067-7,6067,2006,7,FALSE,2,32.40057805,NA,0.707373871
6067-P1,6067,2006,P1,TRUE,7,30.720128,NA,0.656088725
6069-3,6069,2006,3,FALSE,1,37.83639686,NA,0.630687871
6071-1,6071,2006,1,FALSE,1,NA,NA,0.753389527
6071-10,6071,2006,10,FALSE,3,NA,NA,0.731824126
6071-4,6071,2006,4,FALSE,1,NA,NA,0.714379391
6071-5,6071,2006,5,FALSE,6,NA,NA,0.744647018
6071-6,6071,2006,6,FALSE,1,NA,NA,0.745982148
6071-7,6071,2006,7,FALSE,1,NA,NA,0.675730552
6071-8,6071,2006,8,FALSE,2,NA,NA,0.728921301
6072-1,6072,2006,1,FALSE,1,29.93346867,1,0.684885625
6072-3,6072,2006,3,FALSE,1,31.3828384,3,0.734936045
6072-P1,6072,2006,P1,TRUE,7,26.86392853,NA,0.742412046
6073-3,6073,2006,3,FALSE,4,31.84204246,NA,0.670583014
6073-5,6073,2006,5,FALSE,3,31.29005466,NA,0.731519748
6074-1,6074,2006,1,FALSE,2,25.68407514,NA,0.711046327
6075-1,6075,2006,1,FALSE,1,29.48928762,1,0.74613446
6075-10,6075,2006,10,FALSE,7,30.515376,10,0.678090438
6075-12,6075,2006,12,FALSE,7,29.7718368,12,0.747981185
6075-2,6075,2006,2,FALSE,1,31.1110939,2,0.692970003
6075-3,6075,2006,3,FALSE,1,30.1755177,3,0.718045404
6075-4,6075,2006,4,FALSE,1,30.3294912,4,0.748697762
6075-6,6075,2006,6,FALSE,2,32.51909998,6,0.698755852
6075-9,6075,2006,9,FALSE,5,32.01110758,9,0.747661994
6077-1,6077,2006,1,FALSE,2,28.57746639,NA,0.730531901
6077-10,6077,2006,10,FALSE,7,28.39915688,NA,0.702559031
6077-12,6077,2006,12,FALSE,7,29.06064413,NA,0.747653151
6077-2,6077,2006,2,FALSE,1,26.4132608,NA,0.682062307
6077-3,6077,2006,3,FALSE,2,28.18205651,NA,0.726595298
6077-5,6077,2006,5,FALSE,3,28.40887027,NA,0.710901412
6077-6,6077,2006,6,FALSE,4,30.11764899,NA,0.738177797
6077-7,6077,2006,7,FALSE,4,28.87464891,NA,0.672533412
6077-8,6077,2006,8,FALSE,5,30.29131567,NA,0.709888948
6077-9,6077,2006,9,FALSE,6,NA,NA,0.707237589
6078-1,6078,2006,1,FALSE,1,30.09247254,1.5,0.716913396
6078-10,6078,2006,10,FALSE,7,31.8812841,10,0.755544326
6078-11,6078,2006,11,FALSE,7,30.40780938,11,0.719093439
6078-12,6078,2006,12,FALSE,7,30.58525378,12,0.749647193
6078-5,6078,2006,5,FALSE,3,31.22662656,5,0.765645871
6078-8,6078,2006,8,FALSE,6,31.67863268,8,0.718252189
6078-9,6078,2006,9,FALSE,7,30.83164441,9,0.733875279
6078-P1,6078,2006,P1,TRUE,6,31.43419578,NA,0.723256072
6081-1,6081,2006,1,FALSE,1,31.06747315,1,0.6973015
6081-10,6081,2006,10,FALSE,7,28.64033437,10,0.744151552
6081-11,6081,2006,11,FALSE,7,26.97233346,11,0.763939013
6081-2,6081,2006,2,FALSE,2,31.2252008,2,0.691556533
6081-3,6081,2006,3,FALSE,3,29.29782574,3,0.7305725
6081-4,6081,2006,4,FALSE,4,28.83519181,4,0.732709133
6081-5,6081,2006,5,FALSE,5,27.97469312,5,0.713033517
6081-6,6081,2006,6,FALSE,5,27.0261634,6,0.737092567
6081-9,6081,2006,9,FALSE,7,28.48009234,9,0.73944095
6081-P1,6081,2006,P1,TRUE,2,26.65647241,NA,0.70150645
6082-1,6082,2006,1,FALSE,1,33.07063808,1,0.708643483
6082-2,6082,2006,2,FALSE,1,32.2797674,2,0.696498683
6082-4,6082,2006,4,FALSE,2,32.42529622,4,0.691783033
6082-5,6082,2006,5,FALSE,3,32.47484621,5,0.72115705
6082-6,6082,2006,6,FALSE,4,31.03743142,6,0.699909583
6082-7,6082,2006,7,FALSE,5,32.50608,7,0.710830667
6082-8,6082,2006,8,FALSE,6,32.04646,8,0.7449263
6082-9,6082,2006,9,FALSE,7,33.59564204,9,0.74160095
6083-3,6083,2006,3,FALSE,1,31.50922184,3,0.748486467
6084-1,6084,2006,1,FALSE,1,27.7900899,NA,0.700156917
6084-10,6084,2006,10,FALSE,7,28.6755694,NA,0.718332867
6084-2,6084,2006,2,FALSE,2,29.7718368,NA,0.6719179
6084-3,6084,2006,3,FALSE,2,30.49380522,NA,0.719276883
6084-4,6084,2006,4,FALSE,2,31.09977037,NA,0.714509767
6084-5,6084,2006,5,FALSE,3,31.75146061,NA,0.696883133
6084-6,6084,2006,6,FALSE,4,29.47649598,NA,0.717356267
6084-7,6084,2006,7,FALSE,4,29.85669632,NA,0.7157609
6084-8,6084,2006,8,FALSE,6,28.2220807,NA,0.72531155
6084-9,6084,2006,9,FALSE,6,28.17861325,NA,0.748245383
6085-2,6085,2006,2,FALSE,1,31.97037802,2,0.671157333
6085-3,6085,2006,3,FALSE,1,32.31189363,3,0.6772602
6085-4,6085,2006,4,FALSE,1,32.99706243,4,0.68384415
6085-5,6085,2006,5,FALSE,1,32.6875905,5,0.597331583
6085-6,6085,2006,6,FALSE,2,31.68496659,6,0.662043283
6086-7,6086,2006,7,FALSE,4,30.24141997,NA,0.75256655
6086-9,6086,2006,9,FALSE,4,29.6981636,NA,0.766253333
6087-1,6087,2006,1,FALSE,1,32.547888,NA,0.633912167
6087-2,6087,2006,2,FALSE,1,33.30934246,NA,0.680226167
6087-3,6087,2006,3,FALSE,2,35.50839663,NA,0.693775217
6087-4,6087,2006,4,FALSE,1,34.01015389,NA,0.671484133
6090-10,6090,2006,10,FALSE,5,31.73405133,10,0.715069483
6090-2,6090,2006,2,FALSE,1,33.51133299,2,0.679825283
6090-3,6090,2006,3,FALSE,1,32.70530048,3,0.7091155
6090-4,6090,2006,4,FALSE,1,32.47484621,4,0.699415033
6090-5,6090,2006,5,FALSE,2,32.93973402,5,0.728404767
6090-6,6090,2006,6,FALSE,2,32.72377479,6,0.722664733
6090-7,6090,2006,7,FALSE,4,33.19130776,7,0.707970333
6090-8,6090,2006,8,FALSE,4,32.1926733,8,0.721102617
6091-1,6091,2006,1,FALSE,4,29.68303232,1,0.685938983
6091-2,6091,2006,2,FALSE,4,31.754608,2,0.691494
6091-3,6091,2006,3,FALSE,4,32.81232896,3,0.753576333
6091-4,6091,2006,4,FALSE,4,31.44032815,4,0.710652033
6091-5,6091,2006,5,FALSE,4,31.86090752,5,0.709330433
6091-6,6091,2006,6,FALSE,5,31.50265477,6,0.700064067
6091-7,6091,2006,7,FALSE,5,33.06123021,7,0.71349805
6091-8,6091,2006,NA,FALSE,6,32.11795168,8,0.7055994
6091-9,6091,2006,NA,FALSE,5,32.11795168,9,0.750445717
6092-1,6092,2006,1,FALSE,2,29.7676233,1,0.71275875
6092-10,6092,2006,10,FALSE,5,31.44834886,10,0.754656117
6092-11,6092,2006,11,FALSE,6,30.8871456,11,0.7239787
6092-2,6092,2006,2,FALSE,2,28.5985328,2,0.7148227
6092-3,6092,2006,3,FALSE,2,30.46205847,3,0.739637883
6092-4,6092,2006,4,FALSE,1,32.14093107,4,0.724603917
6092-5,6092,2006,5,FALSE,2,33.1282688,5,0.732533817
6092-6,6092,2006,6,FALSE,2,32.43727904,6,0.736354267
6092-7,6092,2006,7,FALSE,3,32.23969765,7,0.73122085
6092-8,6092,2006,8,FALSE,4,32.1146199,8,0.711661217
6092-9,6092,2006,9,FALSE,5,32.8045591,9,0.72193215
6094-1,6094,2006,1,FALSE,1,28.26126284,1,0.7372712
6094-10,6094,2006,10,FALSE,7,29.17382374,10,0.69616645
6094-2,6094,2006,2,FALSE,2,31.93573741,2,0.716129383
6094-3,6094,2006,3,FALSE,2,29.94495194,3,0.716342883
6094-4,6094,2006,4,FALSE,3,29.7676233,4,0.694574417
6094-5,6094,2006,5,FALSE,4,31.141826,5,0.707399617
6094-6,6094,2006,6,FALSE,5,31.01643738,6,0.714125717
6094-7,6094,2006,7,FALSE,6,30.1228155,7,0.739667917
6094-8,6094,2006,8,FALSE,7,30.2912744,8,0.77468055
6094-9,6094,2006,9,FALSE,7,30.95894816,9,0.72699055
6095-1,6095,2006,1,FALSE,2,32.72513677,1,0.754147
6095-11,6095,2006,11,FALSE,7,33.39167903,11,0.679191983
6095-2,6095,2006,2,FALSE,1,33.21772506,2,0.71456078
6095-3,6095,2006,3,FALSE,2,32.83438,3,0.689672583
6095-4,6095,2006,4,FALSE,3,32.3091,4,0.748184467
6095-5,6095,2006,5,FALSE,4,33.57850237,5,0.758083883
6095-6,6095,2006,6,FALSE,5,33.15168932,6,0.730076633
6095-7,6095,2006,7,FALSE,6,33.45846946,7,0.757879283
6095-8,6095,2006,8,FALSE,7,33.13897165,8,0.720532683
6095-9,6095,2006,9,FALSE,7,35.17648346,9,0.766662867
6098-1,6098,2006,1,FALSE,2,30.47667251,1,0.710660267
6098-2,6098,2006,2,FALSE,1,29.5778584,2,0.7155331
6098-4,6098,2006,4,FALSE,2,30.47438111,4,0.771144017
6098-5,6098,2006,5,FALSE,4,30.00394249,5,0.71664535
6098-6,6098,2006,6,FALSE,4,29.337248,6,0.72358965
6098-7,6098,2006,7,FALSE,5,30.35263514,7,0.701774067
6098-8,6098,2006,8,FALSE,6,30.47807898,8,0.7373351
6098-9,6098,2006,9,FALSE,7,29.31779442,9,0.7646224
6099-10,6099,2006,10,FALSE,6,30.96217702,10,0.703611283
6099-3,6099,2006,3,FALSE,1,31.1969536,3,0.719262067
6100-1,6100,2006,1,FALSE,1,33.481868,1,0.690431383
6100-10,6100,2006,10,FALSE,7,33.00288982,10,0.689232983
6100-2,6100,2006,2,FALSE,1,32.8092818,2,0.70094255
6100-3,6100,2006,3,FALSE,1,33.36780934,3,0.71620195
6100-4,6100,2006,4,FALSE,2,32.2351052,4,0.724603183
6100-8,6100,2006,8,FALSE,6,32.93982996,8,0.709551967
6101-11,6101,2006,11,FALSE,7,28.77638189,11,0.732566067
6101-6,6101,2006,6,FALSE,4,32.1713078,6,0.7471521
6101-7,6101,2006,7,FALSE,5,27.45886762,7,0.7266106
6102-2,6102,2006,2,FALSE,2,31.06156,NA,0.674781967
6102-8,6102,2006,8,FALSE,5,30.87952582,NA,0.692660783
6105-5,6105,2006,5,FALSE,1,33.9506,NA,0.734093
6105-6,6105,2006,6,FALSE,1,34.41022,NA,0.73685145
6108-4,6108,2006,4,FALSE,1,30.29176216,NA,0.710056017
6108-5,6108,2006,5,FALSE,1,30.63008214,NA,0.738534883
6108-7,6108,2006,7,FALSE,2,32.41091588,NA,0.7369651
6109-1,6109,2006,1,FALSE,1,31.993932,NA,0.713486183
6109-2,6109,2006,2,FALSE,1,32.84552666,NA,0.722266367
6110-2,6110,2006,2,FALSE,1,30.239537,NA,0.640733733
6110-8,6110,2006,8,FALSE,7,32.8092818,NA,0.679500583
6113-1,6113,2006,1,FALSE,1,35.69491016,1,0.7496027
6113-10,6113,2006,10,FALSE,7,31.71370691,10,0.70704895
6113-11,6113,2006,11,FALSE,7,31.36333336,11,0.6855988
6113-2,6113,2006,2,FALSE,2,34.7115458,2,0.74673205
6113-3,6113,2006,3,FALSE,2,34.86106836,3,0.715109883
6113-4,6113,2006,4,FALSE,3,35.83307059,4,0.7256902
6113-5,6113,2006,5,FALSE,4,34.98905926,5,0.7026441
6113-6,6113,2006,6,FALSE,5,34.68864466,6,0.7217189
6113-7,6113,2006,7,FALSE,5,35.00116,7,0.731116967
6113-8,6113,2006,8,FALSE,6,34.92188989,8,0.751672383
6113-9,6113,2006,9,FALSE,7,34.2679849,9,0.7111863
6114-1,6114,2006,1,FALSE,1,25.51267789,1,0.706448517
6114-2,6114,2006,2,FALSE,1,28.8560272,2,0.7389531
6114-3,6114,2006,3,FALSE,2,27.50000402,3,0.7602856
6114-4,6114,2006,4,FALSE,2,28.28295369,4,0.74806725
6114-7,6114,2006,7,FALSE,4,28.2545012,7.5,0.751735867
6115-1,6115,2006,1,FALSE,1,33.25373354,1.5,0.701751733
6115-2,6115,2006,2,FALSE,1,30.81706199,1.5,0.68373075
6115-5,6115,2006,5,FALSE,3,31.262828,5,0.689544467
6115-6,6115,2006,6,FALSE,3,31.5687232,6,0.704759533
6116-1,6116,2006,1,FALSE,1,29.12351693,1,0.728475383
6116-2,6116,2006,2,FALSE,2,29.23884698,2,0.701403633
6116-4,6116,2006,4,FALSE,3,30.55649792,4,0.720593467
6116-5,6116,2006,5,FALSE,4,29.90767957,5,0.69058405
6118-1,6118,2006,1,FALSE,1,30.06203792,1.5,0.757253583
6118-2,6118,2006,2,FALSE,3,30.92191431,1.5,0.71888945
6118-3,6118,2006,3,FALSE,2,32.06114854,3,0.752031367
6118-4,6118,2006,4,FALSE,4,31.75271378,4,0.761397417
6118-5,6118,2006,5,FALSE,5,30.95483972,5,0.737000817
6118-6,6118,2006,6,FALSE,6,30.515376,6,0.754242933
6118-7,6118,2006,7,FALSE,7,31.081392,7,0.730852983
6121-10,6121,2006,10,FALSE,7,26.31162877,10,0.7532083
6121-12,6121,2006,12,FALSE,7,24.2596873,12,0.717270333
6121-2,6121,2006,2,FALSE,1,26.20116882,2,0.711271267
6121-3,6121,2006,3,FALSE,1,27.61603837,3,0.693954033
6121-4,6121,2006,4,FALSE,1,27.51618157,4,0.70358015
6121-5,6121,2006,5,FALSE,2,27.80668928,5,0.739387767
6121-6,6121,2006,6,FALSE,3,27.18628,6,0.6925011
6121-7,6121,2006,7,FALSE,5,27.07305,7,0.762655967
6121-8,6121,2006,8,FALSE,5,27.68189133,8,0.735811883
6121-9,6121,2006,9,FALSE,6,27.23704992,9,0.7261233
6123-1,6123,2006,1,FALSE,7,30.86996144,NA,0.73425915
6123-3,6123,2006,3,FALSE,7,29.88216275,NA,0.6874448
6123-4,6123,2006,4,FALSE,7,30.16287024,NA,0.71067135
6123-5,6123,2006,5,FALSE,7,29.1567902,NA,0.728780683
6123-6,6123,2006,6,FALSE,7,28.96527258,NA,0.723416167
6123-7,6123,2006,7,FALSE,7,28.45859338,NA,0.74491698
6123-8,6123,2006,8,FALSE,7,28.8320144,NA,0.708881083
6123-9,6123,2006,9,FALSE,7,27.46490566,NA,0.725081633
6124-1,6124,2006,1,FALSE,1,33.37425421,1.5,0.752103533
6124-4,6124,2006,4,FALSE,2,33.43916595,4,0.741986
6125-1,6125,2006,1,FALSE,1,34.14214335,1,0.6689744
6125-2,6125,2006,2,FALSE,1,33.32488861,2,0.699660917
6125-3,6125,2006,3,FALSE,1,33.900953,3,0.728128317
6126-2,6126,2006,2,FALSE,1,26.17808115,1.5,0.701772133
6127-P1,6127,2006,P1,TRUE,4,31.05559218,NA,0.698399083
6127-P2,6127,2006,P2,TRUE,3,33.5040777,NA,0.694940033
6128-4,6128,2006,4,FALSE,1,34.67286,4,0.72934205
6130-1,6130,2006,1,FALSE,1,30.205568,NA,0.737898583
6130-2,6130,2006,2,FALSE,1,30.84605798,NA,0.696240367
6130-3,6130,2006,3,FALSE,1,27.6529752,NA,0.734814767
6130-4,6130,2006,4,FALSE,2,30.59151373,NA,0.7285829
6130-5,6130,2006,5,FALSE,3,30.73273472,NA,0.723630767
6130-6,6130,2006,6,FALSE,2,31.2781442,NA,0.741452783
6130-7,6130,2006,7,FALSE,3,28.2483104,NA,0.73262015
6130-8,6130,2006,8,FALSE,5,NA,NA,0.72932015
6130-9,6130,2006,9,FALSE,5,29.19604845,NA,0.734248717
6131-1,6131,2006,1,FALSE,2,29.8850727,NA,0.706676617
6131-2,6131,2006,2,FALSE,1,30.83605354,NA,0.706219083
6131-4,6131,2006,4,FALSE,3,30.00681598,NA,0.69963135
6131-5,6131,2006,5,FALSE,3,30.28533981,NA,0.708997583
6131-6,6131,2006,6,FALSE,4,29.585952,NA,0.690507783
6131-8,6131,2006,8,FALSE,5,29.92652426,NA,0.72201615
6131-9,6131,2006,9,FALSE,6,28.42876659,NA,0.713341117
6134-1,6134,2006,1,FALSE,2,28.94726351,NA,0.709979083
6134-2,6134,2006,2,FALSE,1,26.77266381,NA,0.713049817
6134-3,6134,2006,3,FALSE,1,24.2588817,NA,0.695936067
6134-4,6134,2006,4,FALSE,3,28.76028366,NA,0.695373017
6134-5,6134,2006,5,FALSE,3,29.42805283,NA,0.7234631
6134-6,6134,2006,6,FALSE,4,27.67405554,NA,0.705580317
6134-7,6134,2006,7,FALSE,5,26.8952663,NA,0.7039559
6134-9,6134,2006,9,FALSE,7,27.53608486,NA,0.691200867
6135-1,6135,2006,1,FALSE,1,30.77521808,1,0.689280717
6135-2,6135,2006,2,FALSE,2,32.12005173,2,0.706720833
6135-3,6135,2006,3,FALSE,2,32.64967065,3,0.741110917
6135-4,6135,2006,4,FALSE,3,34.15319514,4,0.720923617
6135-5,6135,2006,5,FALSE,4,31.69401159,5,0.725199433
6135-6,6135,2006,6,FALSE,5,32.8767701,6,0.726662167
6135-7,6135,2006,7,FALSE,6,32.37458634,7,0.721523817
6135-8,6135,2006,8,FALSE,7,32.4902948,8,0.7447395
6135-9,6135,2006,9,FALSE,7,32.93918515,9,0.736133617
6137-1,6137,2006,1,FALSE,2,31.32442566,1.5,0.71744695
6137-2,6137,2006,2,FALSE,1,33.000674,1.5,0.7086921
6137-3,6137,2006,3,FALSE,2,32.34637666,3,0.688958917
6137-4,6137,2006,4,FALSE,3,32.9368766,4,0.682267317
6137-5,6137,2006,5,FALSE,4,33.1282688,5,0.67127895
6137-6,6137,2006,6,FALSE,4,32.43318346,6,0.721266917
6137-7,6137,2006,7,FALSE,5,32.8115137,7,0.695428767
6137-8,6137,2006,8,FALSE,6,32.93918515,8,0.690374933
6137-9,6137,2006,9,FALSE,7,32.37458634,9,0.755893517
6138-1,6138,2006,1,FALSE,1,29.1567902,NA,0.78739645
6138-3,6138,2006,3,FALSE,2,27.6646064,NA,0.73542295
6138-4,6138,2006,4,FALSE,3,27.08208374,NA,0.753804933
6138-5,6138,2006,5,FALSE,3,26.25639879,NA,0.734436417
6138-6,6138,2006,6,FALSE,5,NA,NA,0.721761083
6138-7,6138,2006,7,FALSE,5,26.04790605,NA,0.747081533
6138-8,6138,2006,8,FALSE,7,25.40215415,NA,0.714152267
6140-1,6140,2006,1,FALSE,1,31.74169254,1.5,0.67178705
6140-2,6140,2006,2,FALSE,1,33.49098,1.5,0.72213295
6140-3,6140,2006,3,FALSE,1,36.73543731,3,0.7379296
6140-4,6140,2006,4,FALSE,1,36.05489794,4,0.706103467
6142-3,6142,2006,3,FALSE,1,27.09911782,NA,0.699416133
6142-7,6142,2006,7,FALSE,1,27.9620864,NA,0.674272483
6142-8,6142,2006,8,FALSE,1,28.0169728,NA,0.66925065
6143-1,6143,2006,1,FALSE,5,32.5540922,NA,0.78274245
6143-2,6143,2006,2,FALSE,4,31.81428785,NA,0.699850133
6143-4,6143,2006,4,FALSE,2,30.95483972,NA,0.748174617
6143-6,6143,2006,6,FALSE,1,31.262828,NA,0.708711283
6143-8,6143,2006,8,FALSE,1,31.26509635,NA,0.730923667
6145-1,6145,2006,1,FALSE,1,24.66813485,NA,0.702247983
6145-2,6145,2006,2,FALSE,1,24.45674502,NA,0.6841984
6145-3,6145,2006,3,FALSE,1,26.26437286,NA,0.70902145
6145-4,6145,2006,4,FALSE,2,26.80248202,NA,0.729531967
6145-5,6145,2006,5,FALSE,2,27.24715674,NA,0.7505072
6145-6,6145,2006,6,FALSE,2,26.61044662,NA,0.729172917
6145-7,6145,2006,7,FALSE,3,NA,NA,0.68689065
6145-8,6145,2006,8,FALSE,4,NA,NA,0.7133436
6146-1,6146,2006,1,FALSE,1,NA,NA,0.714187683
6146-3,6146,2006,3,FALSE,1,NA,NA,0.682792267
6146-4,6146,2006,4,FALSE,2,NA,NA,0.67828515
6146-5,6146,2006,5,FALSE,2,NA,NA,0.696041067
6147-1,6147,2006,1,FALSE,4,29.62215934,NA,0.7284084
6147-2,6147,2006,2,FALSE,3,33.18538657,NA,0.728616
6147-3,6147,2006,3,FALSE,2,25.59363908,NA,0.636427417
6147-4,6147,2006,4,FALSE,3,30.0590792,NA,0.7372782
6147-5,6147,2006,5,FALSE,2,29.3786674,NA,0.672438467
6147-6,6147,2006,6,FALSE,2,33.23723867,NA,0.706372167
6147-7,6147,2006,7,FALSE,1,32.919872,NA,0.6939766
6147-8,6147,2006,8,FALSE,1,32.9917689,NA,0.716840017
6148-1,6148,2006,1,FALSE,6,29.7075704,NA,0.716672417
6148-10,6148,2006,10,FALSE,1,30.59483264,NA,0.65779235
6148-2,6148,2006,2,FALSE,2,29.8243112,NA,0.707424683
6148-3,6148,2006,3,FALSE,5,30.65997808,NA,0.690283433
6148-4,6148,2006,4,FALSE,3,30.5403,NA,0.700459133
6148-5,6148,2006,5,FALSE,7,30.47667251,NA,0.695058717
6148-6,6148,2006,6,FALSE,1,31.0215208,NA,0.717915717
6148-7,6148,2006,7,FALSE,2,31.141826,NA,0.6961912
6148-8,6148,2006,8,FALSE,4,30.9613682,NA,0.6928403
6148-9,6148,2006,9,FALSE,1,29.2405193,NA,0.712022517
6150-1,6150,2006,1,FALSE,2,NA,NA,0.71690655
6150-2,6150,2006,2,FALSE,2,NA,NA,0.733006483
6150-3,6150,2006,3,FALSE,3,NA,NA,0.724570917
6150-4,6150,2006,4,FALSE,1,NA,NA,0.704518967
6151-1,6151,2006,1,FALSE,1,31.93573741,NA,0.719306917
6151-5,6151,2006,5,FALSE,4,NA,NA,0.787673883
6152-1,6152,2006,1,FALSE,1,NA,NA,0.759585333
6152-2,6152,2006,2,FALSE,2,NA,NA,0.741710533
6152-3,6152,2006,3,FALSE,1,NA,NA,0.723813667
6152-4,6152,2006,4,FALSE,3,NA,NA,0.706982383
6152-5,6152,2006,5,FALSE,4,NA,NA,0.716552683
6152-6,6152,2006,6,FALSE,7,NA,NA,0.706552717
6206-1,6206,2006,1,FALSE,1,28.828115,NA,0.669275967
6206-2,6206,2006,2,FALSE,1,28.53601269,NA,0.661583767
6206-3,6206,2006,3,FALSE,1,NA,NA,0.6884103
6208-4,6208,2006,4,FALSE,1,NA,NA,0.67146985
6208-5,6208,2006,5,FALSE,1,NA,NA,0.705915083
6214-5,6214,2006,5,FALSE,1,35.32490614,NA,0.670053217
6215-2,6215,2006,2,FALSE,2,28.17861325,NA,0.7843259
6215-6,6215,2006,6,FALSE,2,28.72322355,NA,0.7357505
6215-8,6215,2006,8,FALSE,4,30.49451917,NA,0.748472167
6215-9,6215,2006,9,FALSE,5,29.89576,NA,0.75013655
6216-5,6216,2006,5,FALSE,4,28.31857678,NA,0.744920717
6216-P1,6216,2006,P1,TRUE,7,25.67146467,NA,0.7341785
6217-3,6217,2006,3,FALSE,5,27.6881234,NA,0.7167841
6217-5,6217,2006,5,FALSE,5,26.75079715,NA,0.737910883
6217-6,6217,2006,6,FALSE,2,29.4740888,NA,0.690015917
6217-7,6217,2006,7,FALSE,3,28.37589073,NA,0.761698217
6217-8,6217,2006,8,FALSE,6,27.02208819,NA,0.743678867
6218-3,6218,2006,3,FALSE,1,31.38602331,NA,0.710606167
6218-5,6218,2006,5,FALSE,1,34.07618962,NA,0.67493695
6218-6,6218,2006,6,FALSE,1,29.9989266,NA,0.659995133
6218-7,6218,2006,7,FALSE,1,26.97438848,NA,0.661291183
6236-6,6236,2006,6,FALSE,1,35.24441395,NA,0.650968817
6238-P1,6238,2006,P1,TRUE,1,32.12381552,NA,0.692072267
6238-P2,6238,2006,P2,TRUE,1,30.60018406,NA,0.678188683
6238-P3,6238,2006,P3,TRUE,1,30.83645286,NA,0.655582583
6239-10,6239,2006,10,FALSE,7,29.58368579,NA,0.709748433
6239-2,6239,2006,2,FALSE,1,29.79546154,NA,0.709455517
6239-3,6239,2006,3,FALSE,1,31.1969536,NA,0.712298417
6240-3,6240,2006,3,FALSE,2,33.35966,NA,0.746639417
6241-1,6241,2006,1,FALSE,2,31.9799156,NA,0.676881883
6241-2,6241,2006,2,FALSE,1,30.3914528,NA,0.642869767
6241-3,6241,2006,3,FALSE,2,30.81706199,NA,0.694049083
6241-4,6241,2006,4,FALSE,2,30.49380522,NA,0.714454567
6241-6,6241,2006,6,FALSE,2,30.74457603,NA,0.68959075
6241-7,6241,2006,7,FALSE,4,29.76306784,NA,0.699920483
6241-8,6241,2006,8,FALSE,5,31.20123034,NA,0.730192817
6241-9,6241,2006,9,FALSE,6,30.06203792,NA,0.720448367
6242-10,6242,2006,10,FALSE,7,31.48985509,NA,0.716536833
6242-2,6242,2006,2,FALSE,1,31.081392,NA,0.686112517
6242-3,6242,2006,3,FALSE,2,30.90166477,NA,0.688933383
6242-4,6242,2006,4,FALSE,2,30.5352541,NA,0.693860633
6242-5,6242,2006,5,FALSE,5,32.56220724,NA,0.6919486
6242-6,6242,2006,6,FALSE,4,31.57081628,NA,0.681377667
6242-7,6242,2006,7*,FALSE,3,32.66907278,NA,0.777600433
6242-9,6242,2006,9,FALSE,7,NA,NA,0.7517945
6243-1,6243,2006,1,FALSE,1,32.37229118,NA,0.73308885
6243-2,6243,2006,2,FALSE,2,29.9577216,NA,0.710273783
6243-3,6243,2006,3,FALSE,2,31.18342496,NA,0.7334094
6243-4,6243,2006,4,FALSE,3,31.68963462,NA,0.723821717
6243-5,6243,2006,5,FALSE,4,31.20123034,NA,0.708649683
6243-6,6243,2006,6,FALSE,3,31.3208768,NA,0.767936983
6243-7,6243,2006,7,FALSE,5,NA,NA,0.777471367
6243-8,6243,2006,8,FALSE,5,31.50922184,NA,0.725859817
6243-9,6243,2006,9,FALSE,6,29.82563298,NA,0.738674567
6244-1,6244,2006,1,FALSE,1,32.37458634,NA,0.714493417
6244-2,6244,2006,2,FALSE,1,32.4264974,NA,0.68348925
6245-3,6245,2006,3,FALSE,1,32.1644202,NA,0.6336316
6245-5,6245,2006,5,FALSE,1,33.25228419,NA,0.6933488
6246-1,6246,2006,1,FALSE,2,34.13515981,NA,0.72902585
6246-10,6246,2006,10,FALSE,5,33.37900424,NA,0.7537239
6246-2,6246,2006,2,FALSE,2,33.55664,NA,0.72217375
6246-3,6246,2006,3,FALSE,1,31.8523208,NA,0.733165733
6246-4,6246,2006,4,FALSE,2,33.5920503,NA,0.72448425
6246-5,6246,2006,5,FALSE,4,33.63716114,NA,0.737121583
6246-6,6246,2006,6,FALSE,4,34.40080998,NA,0.715842667
6246-7,6246,2006,7,FALSE,6,32.93289466,NA,0.745348767
6246-8,6246,2006,8,FALSE,7,32.3122624,NA,0.7471815
6246-9,6246,2006,9,FALSE,7,32.25057416,NA,0.73760125
6247-1,6247,2006,1,FALSE,1,27.59480955,NA,0.680555667
6247-4,6247,2006,4,FALSE,1,31.93153195,NA,0.7129765
6247-5,6247,2006,5,FALSE,4,31.4488007,NA,0.70235925
6247-7,6247,2006,7,FALSE,4,30.8953598,NA,0.72695765
6253-7,6253,2006,7,FALSE,2,32.30490419,NA,0.7038679
6254-4,6254,2006,4,FALSE,1,28.52082781,NA,0.755247517
6260-1,6260,2006,1,FALSE,1,28.23163008,NA,0.666019567
6260-2,6260,2006,2,FALSE,1,29.7439053,NA,0.659450567
6260-3,6260,2006,3,FALSE,2,29.9383988,NA,0.72710665
6260-4,6260,2006,4,FALSE,3,29.86565127,NA,0.741268717
6260-5,6260,2006,5,FALSE,1,31.24611766,NA,0.746026633
6260-6,6260,2006,6,FALSE,3,29.2770954,NA,0.739400217
6260-7,6260,2006,7,FALSE,5,27.314384,NA,0.747126133
6260-8,6260,2006,8,FALSE,6,27.90612425,NA,0.74053275
6260-9,6260,2006,9,FALSE,4,28.76993756,NA,0.71868285
6262-10,6262,2006,10,FALSE,7,26.8619464,NA,0.710474183
6262-2,6262,2006,2,FALSE,1,27.50000402,NA,0.734939733
6262-3,6262,2006,3,FALSE,4,28.0221586,NA,0.733481667
6262-4,6262,2006,4,FALSE,2,27.73955635,NA,0.721536717
6262-5,6262,2006,5,FALSE,5,30.23602995,NA,0.765064317
6262-6,6262,2006,6,FALSE,3,29.1769111,NA,0.720905883
6262-9,6262,2006,9,FALSE,7,27.30342387,NA,0.7371022
7005-1,7005,2007,1,FALSE,1,30.16519594,1,0.657045777
7005-2,7005,2007,2,FALSE,1,31.38986,2,0.630247936
7005-3,7005,2007,3,FALSE,1,30.5763728,3,0.680680274
7005-4,7005,2007,4,FALSE,1,31.07202915,4,0.728298991
7005-6,7005,2007,6,FALSE,2,27.63080946,6,0.676673122
7012-1,7012,2007,1,FALSE,1,33.21772506,NA,0.693712057
7012-11,7012,2007,11,FALSE,4,30.54355513,NA,0.704409147
7012-2,7012,2007,2,FALSE,1,28.98371473,NA,0.653245488
7012-3,7012,2007,3,FALSE,2,27.53608486,NA,0.666285086
7012-4,7012,2007,4,FALSE,1,31.71816,NA,0.708305428
7012-5,7012,2007,5,FALSE,1,33.35966,NA,0.70668897
7012-6,7012,2007,6,FALSE,2,31.57190597,NA,0.584500724
7012-7,7012,2007,7,FALSE,2,30.2675296,NA,0.684157685
7012-8,7012,2007,8,FALSE,2,32.16288134,NA,0.688175337
7015-1,7015,2007,1,FALSE,1,31.41691085,NA,0.680405389
7015-10,7015,2007,10,FALSE,3,29.40957745,NA,0.649581494
7015-11,7015,2007,11,FALSE,3,30.40046082,NA,0.681393916
7015-12,7015,2007,12,FALSE,2,30.12183194,NA,0.657797695
7015-3,7015,2007,3,FALSE,2,29.64347981,NA,0.683461023
7015-4,7015,2007,4,FALSE,2,29.47231142,NA,0.675027515
7015-5,7015,2007,5,FALSE,3,31.32442566,NA,0.693013959
7015-6,7015,2007,6,FALSE,1,31.68496659,NA,0.668809209
7015-7,7015,2007,7,FALSE,2,28.86379491,NA,0.719085088
7015-8,7015,2007,8,FALSE,3,29.296512,NA,0.691741403
7015-9,7015,2007,9,FALSE,2,30.1192318,NA,0.629376123
7016-1,7016,2007,1,FALSE,2,28.77638189,NA,0.62124748
7016-10,7016,2007,10,FALSE,7,27.07305,NA,0.70088273
7016-3,7016,2007,3,FALSE,3,27.65353425,NA,0.699652136
7016-5,7016,2007,5,FALSE,3,27.8548864,NA,0.65864093
7016-6,7016,2007,6,FALSE,4,27.84810707,NA,0.721187972
7016-8,7016,2007,8,FALSE,4,28.31224448,NA,0.702875877
7016-9,7016,2007,9,FALSE,6,29.2989776,NA,0.694329456
7018-2,7018,2007,2,FALSE,2,27.15190096,NA,0.649086131
7019-3,7019,2007,3,FALSE,3,29.26035558,NA,0.698195054
7019-5,7019,2007,5,FALSE,1,29.93393178,NA,0.67807336
7020-2,7020,2007,2,FALSE,1,29.3974006,NA,0.687039241
7020-3,7020,2007,3,FALSE,2,28.6963394,NA,0.685681773
7020-5,7020,2007,5,FALSE,2,27.80668928,NA,0.666207912
7020-6,7020,2007,6,FALSE,3,27.356125,NA,0.708863044
7024-1,7024,2007,1,FALSE,1,26.5069,NA,0.700570217
7024-8,7024,2007,8,FALSE,5,25.67167693,NA,0.692956987
7025-1,7025,2007,1,FALSE,1,31.1969536,NA,0.67729168
7025-3,7025,2007,3,FALSE,1,32.8092818,NA,0.68323485
7027-1,7027,2007,1,FALSE,1,31.993932,NA,0.729865237
7027-2,7027,2007,2,FALSE,1,32.178048,NA,0.766870644
7027-3,7027,2007,3,FALSE,1,32.48372022,NA,0.71408872
7027-4,7027,2007,4,FALSE,1,32.043713,NA,0.712467008
7032-1,7032,2007,1,FALSE,1,32.41091588,NA,0.684937193
7032-2,7032,2007,2,FALSE,2,33.22834,NA,0.647853922
7032-3,7032,2007,3,FALSE,1,32.59531328,NA,0.726227515
7032-4,7032,2007,4,FALSE,2,35.59358365,NA,0.668729435
7032-5,7032,2007,5,FALSE,2,33.25373354,NA,0.682132141
7033-1,7033,2007,1,FALSE,4,31.50265477,NA,0.705965841
7033-3,7033,2007,3,FALSE,2,30.92191431,NA,0.661843146
7033-5,7033,2007,5,FALSE,1,29.12187891,NA,0.743310529
7033-7,7033,2007,7,FALSE,6,NA,NA,0.673240379
7034-2,7034,2007,2,FALSE,1,26.1314379,NA,0.711830862
7035-2,7035,2007,2,FALSE,5,29.64663953,NA,0.606257992
7035-4,7035,2007,4,FALSE,1,27.58441651,NA,0.700726634
7035-6,7035,2007,6,FALSE,2,27.63579747,NA,0.687758628
7035-7,7035,2007,7,FALSE,4,29.17828594,NA,0.75495354
7035-9,7035,2007,9,FALSE,3,28.424172,NA,0.674428825
7035-P1,7035,2007,P1,TRUE,3,27.38396966,NA,0.69350197
7035-P2,7035,2007,P2,TRUE,4,NA,NA,0.664500574
7036-2,7036,2007,2,FALSE,1,32.25795863,NA,0.656460648
7103-1,7103,2007,1,FALSE,1,33.38206909,1,0.654418146
7103-3,7103,2007,3,FALSE,1,36.4002808,3,0.688640145
7103-4,7103,2007,4,FALSE,1,34.1490272,4,0.679066826
7104-2,7104,2007,2,FALSE,2,28.32801146,2,0.581499085
7104-3,7104,2007,3,FALSE,1,27.82970834,3,0.676727605
7104-4,7104,2007,4,FALSE,2,27.09388378,4,0.611392565
7104-5,7104,2007,5,FALSE,2,27.05767002,5,0.713345931
7104-6,7104,2007,6,FALSE,3,27.39356621,6,0.699122369
7104-8,7104,2007,8,FALSE,5,26.30620016,8,0.661135648
7105-1,7105,2007,1,FALSE,1,31.37150307,1,0.589721805
7105-3,7105,2007,3,FALSE,2,30.03087488,3,0.590650735
7105-5,7105,2007,5,FALSE,2,29.02578483,5,0.622261375
7108-2,7108,2007,2,FALSE,1,30.841063,2,0.698471729
7108-4,7108,2007,4,FALSE,1,33.12900955,4,0.692200313
7108-5,7108,2007,5,FALSE,1,32.3885293,5,0.651874838
7109-2,7109,2007,2,FALSE,2,29.638011,2,0.682121867
7109-P1,7109,2007,P1,TRUE,4,28.88151078,NA,0.710283703
7110-4,7110,2007,4,FALSE,2,NA,NA,0.652819895
7110-9,7110,2007,9,FALSE,6,29.62215934,NA,0.675531997
7112-8,7112,2007,8,FALSE,1,NA,NA,0.698059864
7114-1,7114,2007,1,FALSE,2,25.86160317,NA,0.625136011
7114-10,7114,2007,10,FALSE,6,29.70016717,NA,0.692696455
7114-11,7114,2007,11,FALSE,7,28.24467793,NA,0.690635072
7114-12,7114,2007,12,FALSE,7,23.24975878,NA,0.71062134
7114-2,7114,2007,2,FALSE,2,31.0215208,NA,0.664618285
7114-3,7114,2007,3,FALSE,2,29.12165165,NA,0.640277477
7114-4,7114,2007,4,FALSE,1,31.75196123,NA,0.636414523
7114-5,7114,2007,5,FALSE,2,30.53575258,NA,0.644521533
7114-6,7114,2007,6,FALSE,3,30.77874603,NA,0.622344661
7114-7,7114,2007,7,FALSE,4,30.35851238,NA,0.667103333
7114-9,7114,2007,9,FALSE,5,29.33765,NA,0.60864919
7114-P1,7114,2007,P1,TRUE,4,29.06064413,NA,0.660253741
7116-2,7116,2007,2,FALSE,1,29.53272452,NA,0.604263186
7116-3,7116,2007,3,FALSE,2,31.6306848,NA,0.649622805
7116-4,7116,2007,4,FALSE,2,32.18650822,NA,0.653457136
7116-7,7116,2007,7,FALSE,4,32.24617146,NA,0.629572814
7119-1,7119,2007,1,FALSE,2,30.68188333,NA,0.658018397
7119-5,7119,2007,5,FALSE,1,31.02015722,NA,0.653083466
7119-6,7119,2007,6,FALSE,2,30.6606052,NA,0.637752513
7119-7,7119,2007,7,FALSE,2,30.35851238,NA,0.653216781
7122-1,7122,2007,1,FALSE,3,30.86996144,NA,0.692820171
7122-10,7122,2007,10,FALSE,7,27.26793531,NA,0.655106498
7122-2,7122,2007,2,FALSE,2,29.13517546,NA,0.683904506
7122-3,7122,2007,3,FALSE,2,31.64953914,NA,0.678288688
7122-4,7122,2007,4,FALSE,3,30.40780938,NA,0.698059856
7122-5,7122,2007,5,FALSE,1,31.39286803,NA,0.707245944
7122-6,7122,2007,6,FALSE,4,29.61175718,NA,0.705327223
7122-7,7122,2007,7,FALSE,4,29.8337984,NA,0.693963441
7122-9,7122,2007,9,FALSE,7,27.93622976,NA,0.682839908
7123-1,7123,2007,1,FALSE,1,29.5908296,1,0.608814238
7123-2,7123,2007,2,FALSE,2,30.71787305,2,0.612867208
7123-3,7123,2007,3,FALSE,2,33.03104644,3,0.58241275
7123-4,7123,2007,4,FALSE,3,33.12314678,4,0.676089731
7123-5,7123,2007,5,FALSE,3,31.6831994,5,0.682076478
7123-6,7123,2007,6,FALSE,4,31.14398394,6,0.692863295
7123-7,7123,2007,7,FALSE,5,31.02268928,7,0.701021659
7124-1,7124,2007,1,FALSE,2,32.12005173,NA,0.665862612
7124-2,7124,2007,2,FALSE,2,33.18538657,NA,0.673426707
7124-3,7124,2007,3,FALSE,1,32.1713078,NA,0.627347863
7124-4,7124,2007,4,FALSE,1,32.4902948,NA,0.671740245
7124-5,7124,2007,5,FALSE,2,31.68496659,NA,0.607781205
7124-6,7124,2007,6,FALSE,2,31.79747942,NA,0.658642749
7124-7,7124,2007,7,FALSE,3,30.46904416,NA,0.634937189
7124-8,7124,2007,8,FALSE,3,29.35014094,NA,0.691842782
7124-9,7124,2007,9,FALSE,5,28.89241624,NA,0.642096745
7125-1,7125,2007,1,FALSE,2,30.22410502,NA,0.679823808
7125-2,7125,2007,2,FALSE,1,29.76306784,NA,0.681027929
7125-6,7125,2007,6,FALSE,3,29.02578483,NA,0.676243236
7125-7,7125,2007,7,FALSE,3,29.26783386,NA,0.656942441
7125-8,7125,2007,8,FALSE,4,29.1567902,NA,0.639637372
7125-9,7125,2007,9,FALSE,5,29.16512768,NA,0.645619992
7127-3,7127,2007,3,FALSE,1,32.05119181,3,0.671855006
7129-1,7129,2007,1,FALSE,1,30.90166477,NA,0.699950642
7129-10,7129,2007,10,FALSE,7,29.4575532,NA,0.645999014
7129-2,7129,2007,2,FALSE,3,28.44759949,NA,0.69630735
7129-3,7129,2007,3,FALSE,5,28.81521241,NA,0.662378965
7129-7,7129,2007,7,FALSE,5,28.8661576,NA,0.701576953
7129-8,7129,2007,8,FALSE,6,29.0966376,NA,0.665125384
7130-3,7130,2007,3,FALSE,1,27.89718323,NA,0.665180619
7130-4,7130,2007,4,FALSE,1,26.68776355,NA,0.668161724
7133-5,7133,2007,5,FALSE,1,NA,NA,0.666526646
7134-3,7134,2007,3,FALSE,2,NA,NA,NA
7134-5,7134,2007,5,FALSE,4,NA,NA,0.70228831
7134-6,7134,2007,6,FALSE,1,NA,NA,0.668423825
7134-7,7134,2007,7,FALSE,2,NA,NA,0.695851226
7134-8,7134,2007,8,FALSE,1,NA,NA,0.744206516
7135-1,7135,2007,1,FALSE,1,NA,NA,0.649030926
7135-3,7135,2007,3,FALSE,1,NA,NA,0.648895705
7135-4,7135,2007,4,FALSE,2,NA,NA,0.675388209
7135-7,7135,2007,7,FALSE,2,NA,NA,0.660850052
7137-3,7137,2007,3,FALSE,2,30.3294912,NA,0.71832174
7139-3,7139,2007,3,FALSE,1,33.12539798,NA,0.703510154
7139-4,7139,2007,4,FALSE,1,32.74039133,NA,0.661986203
7141-2,7141,2007,2,FALSE,1,27.29951,2,0.635015325
7141-3,7141,2007,3,FALSE,1,28.40887027,3,0.679017641
7141-4,7141,2007,4,FALSE,1,27.41863546,4,0.629275645
7141-5,7141,2007,5,FALSE,1,26.08390166,5,0.636488472
7141-6,7141,2007,6,FALSE,2,26.9488379,6,0.682973618
7142-1,7142,2007,1,FALSE,2,NA,NA,0.627592715
7142-3,7142,2007,3,FALSE,2,NA,NA,0.638108574
7142-5,7142,2007,5,FALSE,2,NA,NA,0.663067786
7142-6,7142,2007,6,FALSE,2,NA,NA,0.623294536
7144-1,7144,2007,1,FALSE,2,29.99398093,NA,0.643798761
7144-3,7144,2007,3,FALSE,1,30.0816448,NA,0.671972546
7144-4,7144,2007,4,FALSE,2,30.28533981,NA,0.685608546
7144-6,7144,2007,6,FALSE,1,29.2249217,NA,0.690424411
7144-7,7144,2007,7,FALSE,1,30.81706199,NA,0.712889807
7149-10,7149,2007,10,FALSE,7,30.00394249,NA,0.601682767
7149-8,7149,2007,8,FALSE,1,31.993932,NA,0.694813669
7150-1,7150,2007,1,FALSE,1,28.18205651,NA,0.706407054
7150-2,7150,2007,2,FALSE,1,27.0261634,NA,0.561792909
7150-4,7150,2007,4,FALSE,2,29.35014094,NA,0.684872865
7150-6,7150,2007,6,FALSE,2,29.0966376,NA,0.688007541
7150-7,7150,2007,7,FALSE,4,27.41274,NA,0.685851129
7150-9,7150,2007,9,FALSE,1,28.19621013,NA,0.688950462
7152-1,7152,2007,1,FALSE,1,26.91983226,1,0.64385752
7152-2,7152,2007,2,FALSE,1,28.5985328,2,0.599627017
7152-3,7152,2007,3,FALSE,2,28.88151078,3,0.623770136
7152-4,7152,2007,4,FALSE,3,29.638011,4,0.568215813
7152-5,7152,2007,5,FALSE,2,30.15407019,5,0.655746814
7158-1,7158,2007,1,FALSE,1,34.9355,NA,0.629966717
7158-2,7158,2007,2,FALSE,1,31.67062323,NA,0.630809334
7160-3,7160,2007,3,FALSE,1,NA,NA,0.697049124
7160-5,7160,2007,5,FALSE,1,NA,NA,0.66252964
7160-7,7160,2007,7,FALSE,1,NA,NA,0.689100666
7160-8,7160,2007,8,FALSE,5,NA,NA,0.718062294
7170-4,7170,2007,4,FALSE,1,NA,NA,0.698674546
7170-8,7170,2007,8,FALSE,1,NA,NA,0.67656949
7203-1,7203,2007,1,FALSE,1,30.7632224,1,0.624631379
7203-2,7203,2007,2,FALSE,2,32.1075104,2,0.567628308
7203-3,7203,2007,3,FALSE,1,33.89354816,3,0.664287109
7203-4,7203,2007,4,FALSE,3,29.62215934,4,0.639217179
7203-7,7203,2007,7,FALSE,5,31.17415377,7,0.717999929
7203-8,7203,2007,8,FALSE,6,30.05449318,8,0.702791994
7203-9,7203,2007,9,FALSE,7,30.69240876,9,0.702707596
7204-1,7204,2007,1,FALSE,1,30.2416885,1,0.650981032
7204-10,7204,2007,10,FALSE,6,25.23671239,10,0.665406311
7204-3,7204,2007,3,FALSE,1,31.2621312,3,0.694004108
7204-5,7204,2007,5,FALSE,2,32.2414761,5,0.646787143
7204-6,7204,2007,6,FALSE,3,29.29507123,6,0.738937234
7204-9,7204,2007,9,FALSE,5,29.41323136,9,0.744838105
7207-1,7207,2007,1,FALSE,2,32.49478112,1.5,0.727528697
7207-3,7207,2007,3,FALSE,1,33.75960819,3,0.673900739
7207-4,7207,2007,4,FALSE,2,33.06420608,4,0.675339435
7207-5,7207,2007,5,FALSE,2,34.60757734,5,0.672235108
7207-6,7207,2007,6,FALSE,3,32.55102682,6,0.736297501
7207-8,7207,2007,8,FALSE,4,31.94040222,8,0.742738462
7207-9,7207,2007,9,FALSE,6,31.38747587,9,0.709257843
7208-3,7208,2007,3,FALSE,1,29.70327382,3,0.703413219
7209-2,7209,2007,2,FALSE,1,36.4678302,2,0.64300848
7210-1,7210,2007,1,FALSE,1,32.3885293,1,0.62880833
7210-2,7210,2007,2,FALSE,1,33.20649907,2,0.628901975
7210-3,7210,2007,3,FALSE,1,33.00614656,3,0.616090963
7210-4,7210,2007,4,FALSE,1,32.85735564,4,0.676619151
7210-7,7210,2007,7,FALSE,2,31.45703581,7,0.693594628
7213-2,7213,2007,2,FALSE,1,31.4695364,2,0.664876629
7213-5,7213,2007,5,FALSE,3,29.35330066,5,0.741689398
7213-6,7213,2007,6,FALSE,5,27.94715773,6,0.657812421
7213-7,7213,2007,7,FALSE,6,28.70906458,7,0.739689539
7213-8,7213,2007,8,FALSE,6,29.13517546,8,0.689984679
7215-1,7215,2007,1,FALSE,1,36.1683,1,0.642337652
7215-2,7215,2007,2,FALSE,2,35.28042886,2,0.590735692
7215-3,7215,2007,3,FALSE,2,36.3281486,3,0.64193159
7215-4,7215,2007,4,FALSE,2,36.06376928,4,0.612424306
7215-5,7215,2007,5,FALSE,3,36.77786493,5,0.649025053
7215-6,7215,2007,6,FALSE,3,35.62582994,6,0.666839309
7215-7,7215,2007,7,FALSE,4,30.71299277,7,0.69430854
7215-8,7215,2007,8,FALSE,5,32.12519518,8,0.706337058
7215-9,7215,2007,9,FALSE,5,30.83961902,9,0.664748768
7216-1,7216,2007,1,FALSE,2,28.03489664,1,0.634852765
7216-2,7216,2007,2,FALSE,2,31.86090752,2,0.661373224
7216-3,7216,2007,3,FALSE,1,29.58368579,3,0.692109138
7216-4,7216,2007,4,FALSE,2,30.2416885,4,0.715889053
7216-5,7216,2007,5,FALSE,3,29.29507123,5,0.637229437
7216-6,7216,2007,6,FALSE,4,28.48920166,6,0.685573923
7216-P1,7216,2007,P1,TRUE,1,31.80934861,NA,0.627084571
7217-1,7217,2007,1,FALSE,1,31.53981994,NA,0.720646902
7217-2,7217,2007,2,FALSE,1,31.6609286,NA,0.705895115
7217-3,7217,2007,3,FALSE,1,30.61919062,NA,0.729261318
7217-4,7217,2007,4,FALSE,1,28.94547756,NA,0.750298294
7219-1,7219,2007,1,FALSE,1,32.99706243,1,0.696545643
7219-4,7219,2007,4,FALSE,2,34.41022,4,0.691633838
7219-6,7219,2007,6,FALSE,4,32.62453064,6,0.660499968
7219-8,7219,2007,8,FALSE,6,31.0215208,8,0.679171753
7219-9,7219,2007,9,FALSE,7,29.76267388,9,0.672105799
7221-1,7221,2007,1,FALSE,1,32.15275898,NA,0.668138932
7221-2,7221,2007,2,FALSE,1,33.13897165,NA,0.665120834
7221-4,7221,2007,4,FALSE,2,33.11460723,NA,0.67820945
7221-5,7221,2007,5,FALSE,2,34.06874726,NA,0.66463907
7221-6,7221,2007,6,FALSE,4,32.41091588,NA,0.700245017
7221-7,7221,2007,7,FALSE,4,35.52982323,NA,0.686172729
7221-8,7221,2007,8,FALSE,5,34.4063683,NA,0.684990814
7222-1,7222,2007,1,FALSE,2,30.09247254,NA,0.616036153
7222-2,7222,2007,2,FALSE,2,31.6306848,NA,0.741248158
7222-3,7222,2007,3,FALSE,1,30.95892243,NA,0.724175092
7223-3,7223,2007,3,FALSE,1,32.1075104,3,0.671142154
7224-1,7224,2007,1,FALSE,1,32.74039133,1,0.726232259
7224-2,7224,2007,2,FALSE,1,33.70170036,2,0.703146021
7224-3,7224,2007,3,FALSE,2,33.71281754,3,0.683870739
7224-4,7224,2007,4,FALSE,2,32.74039133,4,0.717059612
7224-5,7224,2007,5,FALSE,3,34.60757734,5,0.719297946
7225-8,7225,2007,8,FALSE,1,30.98497418,NA,0.746476498
7227-2,7227,2007,2,FALSE,1,NA,2,0.724843159
7227-3,7227,2007,3,FALSE,2,30.41759245,3,0.688960485
7321-1,7321,2007,1,FALSE,2,NA,NA,0.642976704
7321-2,7321,2007,2,FALSE,1,NA,NA,0.600122436
7321-3,7321,2007,3,FALSE,2,NA,NA,0.628107197
7321-4,7321,2007,4,FALSE,1,NA,NA,0.666062801
7321-5,7321,2007,5,FALSE,3,NA,NA,0.689510999
7321-6,7321,2007,6,FALSE,5,NA,NA,0.686765022
7321-7,7321,2007,7,FALSE,3,NA,NA,0.677464048
7321-8,7321,2007,8,FALSE,5,NA,NA,0.724943545
7322-1,7322,2007,1,FALSE,1,NA,NA,0.682922122
7322-3,7322,2007,3,FALSE,5,NA,NA,0.691283983
7322-4,7322,2007,4,FALSE,5,NA,NA,0.694108264
7322-5,7322,2007,5,FALSE,1,NA,NA,0.705010041
7322-6,7322,2007,6,FALSE,1,NA,NA,0.723310879
7325-1,7325,2007,1,FALSE,1,NA,NA,0.689981261
7325-2,7325,2007,2,FALSE,2,NA,NA,0.649000527
7325-3,7325,2007,3,FALSE,1,NA,NA,0.683680444
7325-4,7325,2007,4,FALSE,1,NA,NA,0.714389059
7325-5,7325,2007,5,FALSE,2,NA,NA,0.705096338
7326-2,7326,2007,2,FALSE,1,NA,NA,0.677819749
7329-2,7329,2007,2,FALSE,1,30.23088918,NA,0.753074614
7340-1,7340,2007,1,FALSE,1,NA,NA,0.63196909
7340-5,7340,2007,5,FALSE,1,NA,NA,0.668227489
7340-6,7340,2007,6,FALSE,1,NA,NA,0.661222949
7341-4,7341,2007,4,FALSE,2,NA,NA,0.714595134
7341-6,7341,2007,6,FALSE,1,NA,NA,0.640087703
7341-9,7341,2007,9,FALSE,1,NA,NA,0.680756506
7342-2,7342,2007,2,FALSE,1,NA,NA,0.662186677
7342-3,7342,2007,3,FALSE,1,NA,NA,0.663704684
7342-4,7342,2007,4,FALSE,3,NA,NA,0.635586287
7342-6,7342,2007,6,FALSE,1,NA,NA,0.686809444
7343-3,7343,2007,3,FALSE,2,NA,NA,0.735970232
7343-4,7343,2007,4,FALSE,1,NA,NA,0.714608378
7343-6,7343,2007,6,FALSE,2,NA,NA,0.651841676
7343-7,7343,2007,7,FALSE,1,NA,NA,0.704462451
7343-8,7343,2007,8,FALSE,1,NA,NA,0.721641156
7346-2,7346,2007,2,FALSE,1,NA,NA,0.656234344
7347-4,7347,2007,4,FALSE,1,NA,NA,0.614057134
7402-1,7402,2007,1,FALSE,1,30.12183194,NA,0.685653286
7402-2,7402,2007,2,FALSE,1,28.59312938,NA,0.746993738
7402-5,7402,2007,5,FALSE,2,29.53139149,NA,0.672242392
7402-6,7402,2007,6,FALSE,1,NA,NA,0.710455206
7403-1,7403,2007,1,FALSE,2,31.14398394,NA,0.710508276
7403-10,7403,2007,10,FALSE,6,32.36144362,NA,0.738847939
7403-2,7403,2007,2,FALSE,2,29.12165165,NA,0.720941642
7403-3,7403,2007,3,FALSE,2,32.87384032,NA,0.708912578
7403-4,7403,2007,4,FALSE,2,32.6875905,NA,0.68152899
7403-5,7403,2007,5,FALSE,1,31.99991376,NA,0.695319892
7403-7,7403,2007,7,FALSE,3,32.2503008,NA,0.738667413
7403-8,7403,2007,8,FALSE,5,31.63241394,NA,0.720714804
7403-9,7403,2007,9,FALSE,5,31.93037312,NA,0.745637274
7406-4,7406,2007,4,FALSE,2,31.08311095,NA,0.649897907
7413-4,7413,2007,4,FALSE,2,34.28301862,NA,0.708986636
7414-2,7414,2007,2,FALSE,1,28.0855465,NA,0.65736622
7414-4,7414,2007,4,FALSE,2,30.841063,NA,0.686608276
7414-5,7414,2007,5,FALSE,1,30.58525378,NA,0.68526323
7414-6,7414,2007,6,FALSE,2,29.23910104,NA,0.756288786
7414-7,7414,2007,7,FALSE,3,29.23599117,NA,0.694808374
7416-9,7416,2007,9,FALSE,4,28.96527258,NA,0.744333674
7417-1,7417,2007,1,FALSE,1,29.14680934,NA,0.694722244
7417-3,7417,2007,3,FALSE,1,32.90004,NA,0.71851716
7417-4,7417,2007,4,FALSE,2,32.29322475,NA,0.694905434
7417-5,7417,2007,5,FALSE,2,32.47484621,NA,0.669177125
7417-6,7417,2007,6,FALSE,4,29.4000672,NA,0.683667713
7417-9,7417,2007,9,FALSE,3,30.49451917,NA,0.662079235
7419-1,7419,2007,1,FALSE,1,34.07618962,NA,0.706831854
7419-2,7419,2007,2,FALSE,1,32.99093649,NA,0.740305731
7419-3,7419,2007,3,FALSE,1,32.68943917,NA,0.686703236
7419-4,7419,2007,4,FALSE,1,32.07601933,NA,0.712529902
7419-5,7419,2007,5,FALSE,2,32.59531328,NA,0.666425109
7419-6,7419,2007,6,FALSE,4,31.0816734,NA,0.737988062
7419-7,7419,2007,7,FALSE,2,31.86090752,NA,0.668044363
7422-1,7422,2007,1,FALSE,1,31.73567594,NA,0.613129988
7422-2,7422,2007,2,FALSE,1,30.8619745,NA,0.626011621
7422-3,7422,2007,3,FALSE,2,32.40843366,NA,0.734201042
7422-5,7422,2007,5,FALSE,1,30.78262989,NA,0.632838223
7422-6,7422,2007,6,FALSE,3,31.57190597,NA,0.639360728
7425-3,7425,2007,3,FALSE,1,29.62215934,NA,0.633951869
7425-4,7425,2007,4,FALSE,1,31.2143468,NA,0.638649197
7425-6,7425,2007,6,FALSE,1,30.1436064,NA,0.679862672
8101-1,8101,2008,1,FALSE,2,29.26783386,NA,0.590897538
8101-2,8101,2008,2,FALSE,1,32.91081199,NA,0.599752182
8101-3,8101,2008,3,FALSE,4,30.1803417,NA,0.733743549
8101-4,8101,2008,4,FALSE,3,30.84605798,NA,0.709707929
8101-5,8101,2008,5,FALSE,2,30.29131567,NA,0.637835372
8101-6,8101,2008,6,FALSE,2,30.54355513,NA,0.595135846
8108-1,8108,2008,1,FALSE,2,NA,NA,0.675142237
8108-10,8108,2008,10,FALSE,1,NA,NA,0.62601325
8108-3,8108,2008,3,FALSE,5,NA,NA,0.689343576
8109-1,8109,2008,1,FALSE,1,27.79722138,NA,0.603725921
8109-3,8109,2008,3,FALSE,1,29.938774,NA,0.628507362
8109-4,8109,2008,4,FALSE,1,31.32442566,NA,0.64943041
8109-5,8109,2008,5,FALSE,2,31.01643738,NA,0.657571898
8109-8,8109,2008,8,FALSE,2,30.3598422,NA,0.667706473
8109-9,8109,2008,9,FALSE,3,30.65274851,NA,0.679318991
8113-1,8113,2008,1,FALSE,2,31.90621024,NA,0.71927007
8113-10,8113,2008,10,FALSE,4,30.94171522,NA,0.771442853
8113-2,8113,2008,2,FALSE,6,31.67062323,NA,0.773410132
8113-3,8113,2008,3,FALSE,3,31.3419416,NA,0.727034215
8113-4,8113,2008,4,FALSE,4,31.45703581,NA,0.726267581
8113-5,8113,2008,5,FALSE,1,31.36333336,NA,0.651982056
8113-6,8113,2008,6,FALSE,7,31.24611766,NA,0.72916758
8113-7,8113,2008,7,FALSE,6,31.29005466,NA,0.772982052
8113-8,8113,2008,8,FALSE,7,30.5923456,NA,0.703483928
8113-9,8113,2008,9,FALSE,3,31.30881037,NA,0.706361719
8114-5,8114,2008,5,FALSE,4,30.825184,NA,0.701077492
8116-1,8116,2008,1,FALSE,1,25.44660838,NA,0.725429023
8116-2,8116,2008,2,FALSE,1,26.55348269,NA,0.722155572
8116-5,8116,2008,5,FALSE,2,22.39606998,NA,0.653276131
8116-6,8116,2008,6,FALSE,2,27.80479184,NA,0.712891789
8116-7,8116,2008,7,FALSE,1,27.86422834,NA,0.69032386
8116-8,8116,2008,8,FALSE,3,26.16721,NA,0.694240559
8116-9,8116,2008,9,FALSE,5,26.30620016,NA,0.679974349
8118-1,8118,2008,1,FALSE,4,30.97291418,NA,0.700122969
8118-4,8118,2008,4,FALSE,3,30.10163546,NA,0.710934458
8119-2,8119,2008,2,FALSE,1,30.87938861,NA,0.717928654
8119-6,8119,2008,6,FALSE,2,29.2770954,NA,0.70457508
8119-7,8119,2008,7,FALSE,1,31.14371379,NA,0.677243105
8120-1,8120,2008,1,FALSE,3,30.4801474,NA,0.699741557
8120-10,8120,2008,10,FALSE,7,27.19392443,NA,0.697794357
8120-11,8120,2008,11,FALSE,7,25.4075774,NA,0.659184718
8120-12,8120,2008,12,FALSE,6,30.29614557,NA,0.671661956
8120-2,8120,2008,2,FALSE,2,31.32442566,NA,0.651735335
8120-3,8120,2008,3,FALSE,1,33.51040464,NA,0.652185364
8120-4,8120,2008,4,FALSE,1,33.06123021,NA,0.656286627
8120-5,8120,2008,5,FALSE,2,32.2414761,NA,0.737222859
8120-6,8120,2008,6,FALSE,2,32.43176038,NA,0.68052182
8120-7,8120,2008,7,FALSE,1,33.56898944,NA,0.65536356
8120-8,8120,2008,8,FALSE,4,30.5831264,NA,0.705998496
8120-9,8120,2008,9,FALSE,4,30.239537,NA,0.658299299
8120-P2,8137,2008,P2,TRUE,1,32.3091,NA,0.620177148
8120-P3,8137,2008,P3,TRUE,3,31.93153195,NA,0.661320156
8121-8,8121,2008,8,FALSE,2,27.80904822,NA,0.665294431
8124-9,8124,2008,9,FALSE,2,27.98310135,NA,0.723047886
8126-3,8126,2008,3,FALSE,3,29.29782574,NA,0.700928432
8126-9,8126,2008,9,FALSE,2,30.7809104,NA,0.703030908
8128-3,8128,2008,3,FALSE,1,29.70889861,NA,0.697110185
8128-6,8128,2008,6,FALSE,2,29.8243112,NA,0.718038454
8129-8,8129,2008,8,FALSE,4,31.8730447,NA,0.706516859
8130-5,8130,2008,5,FALSE,2,26.88572818,NA,0.642885971
8130-9,8130,2008,9,FALSE,3,25.6948793,NA,0.675801796
8131-4,8131,2008,4,FALSE,4,28.71836471,NA,0.700199066
8131-8,8131,2008,8,FALSE,3,29.57948355,NA,0.730648154
8135-1,8135,2008,1,FALSE,1,27.44198684,NA,0.71239509
8135-10,8135,2008,10,FALSE,5,27.41274,NA,0.715259656
8136-2,8136,2008,2,FALSE,5,32.76872,NA,0.73632751
8137-2,8137,2008,2,FALSE,5,34.4063683,NA,0.671184246
8137-6,8137,2008,6,FALSE,6,34.15752602,NA,0.65785588
8137-7,8137,2008,7,FALSE,2,33.76372467,NA,0.625012908
8137-8,8137,2008,8,FALSE,4,34.60004762,NA,0.678892016
8138-7,8138,2008,7,FALSE,3,27.73955635,NA,0.696786561
8138-8,8138,2008,8,FALSE,1,28.60219904,NA,0.691962623
8139-1,8139,2008,1,FALSE,3,NA,NA,0.663531986
8140-2,8140,2008,2,FALSE,6,29.88587187,NA,0.717678506
8140-4,8140,2008,4,FALSE,2,30.84115251,NA,0.71839085
8141-1,8141,2008,1,FALSE,1,28.83519181,NA,0.606120313
8141-4,8141,2008,4,FALSE,1,28.58611046,NA,0.597270833
8142-3,8142,2008,3,FALSE,3,30.83605354,NA,0.672174136
8143-6,8143,2008,6,FALSE,1,32.57174,NA,0.720169431
8145-4,8145,2008,4,FALSE,1,27.63714819,NA,0.646287545
8145-7,8145,2008,7,FALSE,1,28.14457028,NA,0.673476914
8146-1,8146,2008,1,FALSE,4,35.19879714,NA,0.692504987
8146-3,8146,2008,3,FALSE,3,34.40080998,NA,0.679057747
8146-8,8146,2008,8,FALSE,2,33.3149769,NA,0.691007802
8147-10,8147,2008,10,FALSE,2,31.48945309,NA,0.636016611
8147-4,8147,2008,4,FALSE,1,32.98478374,NA,0.648098612
8147-7,8147,2008,7,FALSE,2,30.04040067,NA,0.65857707
8149-1,8149,2008,1,FALSE,5,31.99681729,NA,0.69812595
8149-5,8149,2008,5,FALSE,1,32.07601933,NA,0.690604653
8149-8,8149,2008,8,FALSE,2,31.71370691,NA,0.669374792
8150-5,8150,2008,5,FALSE,2,31.36199014,NA,0.691624825
8150-7,8150,2008,7,FALSE,2,32.70530048,NA,0.686162034
8151-6,8151,2008,6,FALSE,4,31.51003549,NA,0.697437412
8156-10,8156,2008,10,FALSE,2,31.36199014,NA,0.694571205
8156-3,8156,2008,3,FALSE,5,30.27520512,NA,0.660487382
8156-4,8156,2008,4,FALSE,4,31.27867859,NA,0.693155133
8156-6,8156,2008,6,FALSE,6,30.10213608,NA,0.690895166
8156-9,8156,2008,9,FALSE,1,27.94715773,NA,0.643648137
8162-1,8162,2008,1,FALSE,2,31.13833021,NA,0.689494131
8162-2,8162,2008,2,FALSE,1,27.3034496,NA,0.708106589
8162-3,8162,2008,3,FALSE,4,29.7434631,NA,0.695158195
8162-4,8162,2008,4,FALSE,4,30.58976905,NA,0.677776905
8162-5,8162,2008,5,FALSE,3,30.76594314,NA,0.688803878
8162-6,8162,2008,6,FALSE,1,30.16879411,NA,0.706117818
8162-7,8162,2008,7,FALSE,1,25.89937455,NA,0.675772281
8164-1,8164,2008,1,FALSE,1,28.43329258,NA,0.62569558
8164-2,8164,2008,2,FALSE,2,27.64102669,NA,0.645861872
8164-3,8164,2008,3,FALSE,3,26.3723506,NA,0.703678203
8164-5,8164,2008,5,FALSE,1,25.7219757,NA,0.685465483
8164-6,8164,2008,6,FALSE,3,27.46490566,NA,0.665214458
8168-1,8168,2008,1,FALSE,2,32.56266445,NA,0.64057028
8168-3,8168,2008,3,FALSE,1,33.106668,NA,0.701631303
8168-6,8168,2008,6,FALSE,6,33.8954113,NA,0.686110034
8168-7,8168,2008,7,FALSE,1,33.1282688,NA,0.707581221
8168-8,8168,2008,8,FALSE,2,32.9318784,NA,0.702036651
8202-3,8202,2008,3,FALSE,1,31.627308,NA,0.661389921
8202-4,8202,2008,4,FALSE,2,31.57009482,NA,0.691872945
8202-7,8202,2008,7,FALSE,4,31.99620571,NA,0.738964776
8202-8,8202,2008,8,FALSE,3,32.12381552,NA,0.681255315
8206-4,8206,2008,4,FALSE,4,29.87870823,NA,0.68123475
8208-2,8208,2008,2,FALSE,6,32.18311159,NA,0.653683887
8209-11,8209,2008,11,FALSE,1,27.12574148,NA,0.61510283
8210-1,8210,2008,1,FALSE,1,29.50041337,NA,0.671899633
8210-11,8210,2008,11,FALSE,5,30.1793844,NA,0.684602959
8210-2,8210,2008,2,FALSE,1,30.38077568,NA,0.71142041
8210-3,8210,2008,3,FALSE,3,30.1436064,NA,0.727301233
8210-4,8210,2008,4,FALSE,3,31.2533483,NA,0.683819115
8210-5,8210,2008,5,FALSE,3,30.99534685,NA,0.749636201
8210-6,8210,2008,6,FALSE,2,31.23721363,NA,0.778150985
8210-7,8210,2008,7,FALSE,1,30.93265414,NA,0.688743636
8210-8,8210,2008,8,FALSE,2,31.2143468,NA,0.771206877
8210-9,8210,2008,9,FALSE,6,27.8098281,NA,0.748089786
8210-P1,8207,2008,P1,TRUE,1,27.86496856,NA,0.693794739
8211-5,8211,2008,5,FALSE,1,30.92651373,NA,0.640454249
8211-7,8211,2008,7,FALSE,3,28.0731992,NA,0.712650425
8212-2,8212,2008,2,FALSE,5,29.41323136,NA,0.631956872
8212-9,8212,2008,9,FALSE,3,32.59531328,NA,0.719824037
8213-2,8213,2008,2,FALSE,2,31.627308,NA,0.639940624
8213-9,8213,2008,9,FALSE,4,30.74457603,NA,0.694199391
8216-4,8216,2008,4,FALSE,3,34.19267475,NA,0.663882035
8220-4,8220,2008,4,FALSE,2,32.91843552,NA,0.664799341
8220-7,8220,2008,7,FALSE,1,33.1797248,NA,0.716254091
8221-2,8221,2008,2,FALSE,1,NA,NA,0.623460472
8222-1,8222,2008,1,FALSE,1,NA,NA,0.607625239
8222-2,8222,2008,2,FALSE,1,NA,NA,0.666732697
8222-3,8222,2008,3,FALSE,4,NA,NA,0.700308438
8222-4,8222,2008,4,FALSE,2,NA,NA,0.700509174
8222-5,8222,2008,5,FALSE,4,NA,NA,0.721418756
8222-6,8222,2008,6,FALSE,5,NA,NA,0.659359334
8222-7,8222,2008,7,FALSE,2,NA,NA,0.719608954
8222-8,8222,2008,8,FALSE,7,NA,NA,0.660834897
8303-1,8303,2008,1,FALSE,1,28.83440228,NA,0.629527679
8303-3,8303,2008,3,FALSE,3,30.00394249,NA,0.730351857
8303-4,8303,2008,4,FALSE,2,31.07379956,NA,0.723421196
8303-6,8303,2008,6,FALSE,1,31.2019786,NA,0.65244826
8303-7,8303,2008,7,FALSE,4,29.68649917,NA,0.68628002
8303-8,8303,2008,8,FALSE,2,30.1793844,NA,0.655864717
8305-4,8305,2008,4,FALSE,1,32.12592093,NA,0.733643316
8306-1,8306,2008,1,FALSE,1,27.56656128,NA,0.618356476
8306-2,8306,2008,2,FALSE,2,29.41527513,NA,0.638806069
8306-3,8306,2008,3,FALSE,1,27.36099831,NA,0.613907314
8306-4,8306,2008,4,FALSE,3,29.29070444,NA,0.733412451
8306-5,8306,2008,5,FALSE,2,29.88265587,NA,0.725209796
8306-9,8306,2008,9,FALSE,4,27.14007841,NA,0.704167913
8307-1,8307,2008,1,FALSE,1,31.32442566,NA,0.747618012
8307-6,8307,2008,6,FALSE,2,31.43419578,NA,0.73226401
8307-7,8307,2008,7,FALSE,1,30.43111251,NA,0.695095055
8310-3,8310,2008,3,FALSE,2,30.83605354,NA,0.722823477
8310-6,8310,2008,6,FALSE,1,31.92433562,NA,0.706220924
8313-1,8313,2008,1,FALSE,7,30.23088918,NA,0.70268367
8313-10,8313,2008,10,FALSE,7,30.15407019,NA,0.710522147
8313-2,8313,2008,2,FALSE,1,33.81204668,NA,0.692528029
8313-3,8313,2008,3,FALSE,6,29.68303232,NA,0.69223285
8313-4,8313,2008,4,FALSE,5,31.35348275,NA,0.669195201
8313-6,8313,2008,6,FALSE,1,31.18342496,NA,0.679859138
8313-7,8313,2008,7,FALSE,2,29.9179311,NA,0.627089226
8313-8,8313,2008,8,FALSE,3,30.69240876,NA,0.666584719
8314-3,8314,2008,3,FALSE,1,29.53272452,NA,0.689368798
8315-3,8315,2008,3,FALSE,3,30.35851238,NA,0.68392566
8315-5,8315,2008,5,FALSE,4,28.0148288,NA,0.712828841
8316-1,8316,2008,1,FALSE,6,26.37277779,NA,0.723031991
8316-2,8316,2008,2,FALSE,1,27.1908896,NA,0.723891353
8316-3,8316,2008,3,FALSE,1,25.14435048,NA,0.733297588
8316-5,8316,2008,5,FALSE,5,25.72676915,NA,0.740083171
8316-7,8316,2008,7,FALSE,4,25.34829205,NA,0.722534643
8319-2,8319,2008,2,FALSE,2,36.41906599,NA,0.659347137
8319-6,8319,2008,6,FALSE,1,29.5505224,NA,0.718994029
8321-8,8321,2008,8,FALSE,2,32.12005173,NA,0.722299935
8322-3,8322,2008,3,FALSE,1,32.43535105,NA,0.671907073
8322-4,8322,2008,4,FALSE,5,32.74918709,NA,0.674581693
8322-6,8322,2008,6,FALSE,1,32.05139763,NA,0.643697474
8322-8,8322,2008,8,FALSE,3,31.94040222,NA,0.62475674
8322-9,8322,2008,9,FALSE,1,32.93882067,NA,0.696705771
8324-8,8324,2008,8,FALSE,1,28.6963394,NA,0.689869954
8324-9,8324,2008,9,FALSE,4,31.51003549,NA,0.707789128
8327-13,8327,2008,13,FALSE,2,32.6076713,NA,0.719937815
8327-2,8327,2008,2,FALSE,3,32.06210262,NA,0.727361831
8330-3,8330,2008,3,FALSE,1,34.8466446,NA,0.631128159
8330-4,8330,2008,4,FALSE,2,31.07379956,NA,0.648662032
8333-1,8333,2008,1,FALSE,1,32.92722967,NA,0.669358438
8333-7,8333,2008,7,FALSE,1,32.53999433,NA,0.690267703
8333-8,8333,2008,8,FALSE,3,32.8767701,NA,0.719398275
8336-1,8336,2008,1,FALSE,1,29.23910104,NA,0.606051527
8336-10,8336,2008,10,FALSE,6,31.30881037,NA,0.698705111
8336-2,8336,2008,2,FALSE,2,31.2533483,NA,0.681028337
8336-3,8336,2008,3,FALSE,5,31.4448,NA,0.699801987
8336-4,8336,2008,4,FALSE,1,31.44834886,NA,0.735619667
8336-5,8336,2008,5,FALSE,1,30.7139833,NA,0.623068537
8336-6,8336,2008,6,FALSE,4,32.5540922,NA,0.68174992
8336-7,8336,2008,7,FALSE,1,31.3828384,NA,0.585303244
8336-8,8336,2008,8,FALSE,7,30.47807898,NA,0.721356869
8336-9,8336,2008,9,FALSE,3,30.83164441,NA,0.65380052
8338-5,8338,2008,5,FALSE,1,34.41539401,NA,0.713811469
8338-9,8338,2008,9,FALSE,1,31.93153195,NA,0.680817853
8339-5,8339,2008,5,FALSE,2,34.46145946,NA,0.674770916
8339-6,8339,2008,6,FALSE,2,29.9038,NA,0.638294907
8340-1,8340,2008,1,FALSE,1,31.48945309,NA,0.745439471
8340-10,8340,2008,10,FALSE,2,29.35330066,NA,0.746405681
8340-2,8340,2008,2,FALSE,1,32.21729821,NA,0.72556341
8340-3,8340,2008,3,FALSE,7,27.79722138,NA,0.724816152
8340-4,8340,2008,4,FALSE,4,28.62698154,NA,0.690923853
8340-6,8340,2008,6,FALSE,5,28.46795034,NA,0.730992581
8340-7,8340,2008,7,FALSE,1,39.27686202,NA,0.735437638
8340-9,8340,2008,9,FALSE,1,33.13856858,NA,0.717581984
8341-1,8341,2008,1,FALSE,3,29.1822368,NA,0.749470361
8347-5,8347,2008,5,FALSE,2,30.4199948,NA,0.74734393
8349-2,8349,2008,2,FALSE,1,NA,NA,0.694381703
8351-4,8351,2008,4,FALSE,1,26.63665702,NA,0.644067128
8351-8,8351,2008,8,FALSE,3,27.11836237,NA,0.718286903
8352-1,8352,2008,1,FALSE,1,27.5229952,NA,0.620495225
8352-2,8352,2008,2,FALSE,3,27.45682707,NA,0.729530641
8352-3,8352,2008,3,FALSE,3,27.565232,NA,0.679405937
8352-4,8352,2008,4,FALSE,1,27.13161229,NA,0.674631524
8352-5,8352,2008,5,FALSE,2,27.69720753,NA,0.694693322
8352-6,8352,2008,6,FALSE,2,27.41769264,NA,0.705880497
8355-2,8355,2008,2,FALSE,2,28.20087654,NA,0.645615999
8355-3,8355,2008,3,FALSE,1,27.19539414,NA,0.697323605
8356-1,8356,2008,1,FALSE,1,NA,NA,0.690509582
8356-2,8356,2008,2,FALSE,2,NA,NA,0.70375607
8356-3,8356,2008,3,FALSE,1,NA,NA,0.676247947