year,site,sex,WL,DOY,snow,snow.1,mayjun,mayaug.1
1996,2,f,24.02,189,158.8,NA,-1.7558,NA
1996,2,f,23.06,189,158.8,NA,-1.7558,NA
1996,2,f,23.07,189,158.8,NA,-1.7558,NA
1996,2,f,25.6,189,158.8,NA,-1.7558,NA
1996,2,f,24.07,189,158.8,NA,-1.7558,NA
1996,2,f,24.93,196,158.8,NA,-1.7558,NA
1996,2,f,24.19,196,158.8,NA,-1.7558,NA
1996,2,f,25.4,210,158.8,NA,-1.7558,NA
1996,2,f,22.87,196,158.8,NA,-1.7558,NA
1996,2,f,22.5,196,158.8,NA,-1.7558,NA
1996,2,f,23.32,203,158.8,NA,-1.7558,NA
1996,2,f,23.75,203,158.8,NA,-1.7558,NA
1996,2,f,22.69,203,158.8,NA,-1.7558,NA
1996,2,f,21.25,203,158.8,NA,-1.7558,NA
1996,2,f,22.18,203,158.8,NA,-1.7558,NA
1996,2,f,21.98,203,158.8,NA,-1.7558,NA
1996,2,f,23.11,203,158.8,NA,-1.7558,NA
1996,2,f,23.37,203,158.8,NA,-1.7558,NA
1996,2,f,22.95,203,158.8,NA,-1.7558,NA
1996,2,f,24.54,203,158.8,NA,-1.7558,NA
1996,2,f,23.73,203,158.8,NA,-1.7558,NA
1996,2,f,23.92,203,158.8,NA,-1.7558,NA
1996,2,m,22.48,189,158.8,NA,-1.7558,NA
1996,2,m,23.15,189,158.8,NA,-1.7558,NA
1996,2,m,22.92,189,158.8,NA,-1.7558,NA
1996,2,m,20.78,196,158.8,NA,-1.7558,NA
1996,2,m,24.13,196,158.8,NA,-1.7558,NA
1996,2,m,22.11,196,158.8,NA,-1.7558,NA
1996,2,m,23.05,196,158.8,NA,-1.7558,NA
1996,2,m,22.5,196,158.8,NA,-1.7558,NA
1996,2,m,23.2,203,158.8,NA,-1.7558,NA
1996,2,m,22.62,203,158.8,NA,-1.7558,NA
1996,2,m,21.35,203,158.8,NA,-1.7558,NA
1996,2,m,22.9,203,158.8,NA,-1.7558,NA
1996,2,m,23.1,203,158.8,NA,-1.7558,NA
1996,2,m,22.66,203,158.8,NA,-1.7558,NA
1996,3,f,25.32,189,158.8,NA,-1.7558,NA
1996,3,f,23.27,203,158.8,NA,-1.7558,NA
1996,3,m,22.37,203,158.8,NA,-1.7558,NA
1996,3,m,21.9,210,158.8,NA,-1.7558,NA
1996,3,m,23.95,210,158.8,NA,-1.7558,NA
1996,3,m,22.5,196,158.8,NA,-1.7558,NA
1996,3,m,22.47,210,158.8,NA,-1.7558,NA
1996,4,f,23.9,210,158.8,NA,-1.7558,NA
1996,4,m,21.5,182,158.8,NA,-1.7558,NA
1996,4,m,23.01,182,158.8,NA,-1.7558,NA
1996,4,m,22.66,196,158.8,NA,-1.7558,NA
1996,4,m,22.65,203,158.8,NA,-1.7558,NA
1996,4,m,23.4,203,158.8,NA,-1.7558,NA
1996,4,m,24.28,203,158.8,NA,-1.7558,NA
1996,4,m,22.75,210,158.8,NA,-1.7558,NA
1996,4,m,24.47,210,158.8,NA,-1.7558,NA
1996,5,f,24,203,158.8,NA,-1.7558,NA
1996,5,f,23.33,224,158.8,NA,-1.7558,NA
1996,5,f,23.85,210,158.8,NA,-1.7558,NA
1996,5,m,22.07,189,158.8,NA,-1.7558,NA
1996,5,m,22.17,189,158.8,NA,-1.7558,NA
1996,5,m,21.92,189,158.8,NA,-1.7558,NA
1996,5,m,23.79,203,158.8,NA,-1.7558,NA
1996,5,m,23.27,203,158.8,NA,-1.7558,NA
1996,5,m,24.26,203,158.8,NA,-1.7558,NA
1996,5,m,24.66,203,158.8,NA,-1.7558,NA
1996,5,m,24.57,203,158.8,NA,-1.7558,NA
1996,5,m,23.31,203,158.8,NA,-1.7558,NA
1996,5,m,21.88,210,158.8,NA,-1.7558,NA
1996,5,m,23.94,210,158.8,NA,-1.7558,NA
1996,5,m,24.22,196,158.8,NA,-1.7558,NA
1996,5,m,23.62,210,158.8,NA,-1.7558,NA
1996,6,f,22.38,210,158.8,NA,-1.7558,NA
1996,6,f,22.58,217,158.8,NA,-1.7558,NA
1996,6,m,21.84,189,158.8,NA,-1.7558,NA
1996,6,m,23.46,203,158.8,NA,-1.7558,NA
1996,6,m,24.15,203,158.8,NA,-1.7558,NA
1996,6,m,22.97,196,158.8,NA,-1.7558,NA
1996,6,m,19.91,210,158.8,NA,-1.7558,NA
1996,6,m,23.33,210,158.8,NA,-1.7558,NA
1997,1,f,21.61,210,159,158.8,-2.2195,1.627837932
1997,2,f,24.05,196,159,158.8,-2.2195,1.627837932
1997,2,f,23.75,203,159,158.8,-2.2195,1.627837932
1997,2,f,24.22,203,159,158.8,-2.2195,1.627837932
1997,2,f,24.16,210,159,158.8,-2.2195,1.627837932
1997,2,f,22,210,159,158.8,-2.2195,1.627837932
1997,2,f,21.81,210,159,158.8,-2.2195,1.627837932
1997,2,m,21.95,203,159,158.8,-2.2195,1.627837932
1997,2,m,22.47,203,159,158.8,-2.2195,1.627837932
1997,2,m,22.42,210,159,158.8,-2.2195,1.627837932
1997,2,m,21.96,210,159,158.8,-2.2195,1.627837932
1997,2,m,21.14,210,159,158.8,-2.2195,1.627837932
1997,2,m,20.81,210,159,158.8,-2.2195,1.627837932
1997,2,m,21.21,210,159,158.8,-2.2195,1.627837932
1997,2,m,21.72,210,159,158.8,-2.2195,1.627837932
1997,3,f,22.44,231,159,158.8,-2.2195,1.627837932
1997,3,m,23.66,231,159,158.8,-2.2195,1.627837932
1997,4,m,19.42,203,159,158.8,-2.2195,1.627837932
1997,4,m,21.89,217,159,158.8,-2.2195,1.627837932
1997,4,m,23.53,231,159,158.8,-2.2195,1.627837932
1997,6,f,23.69,224,159,158.8,-2.2195,1.627837932
1997,6,f,22.65,224,159,158.8,-2.2195,1.627837932
1997,6,m,23.15,210,159,158.8,-2.2195,1.627837932
1997,6,m,22.14,224,159,158.8,-2.2195,1.627837932
1997,6,m,21.41,224,159,158.8,-2.2195,1.627837932
1998,2,m,22.66,189,161,159,-2.8707,1.125950017
1998,2,m,23.03,196,161,159,-2.8707,1.125950017
1998,2,m,21.34,210,161,159,-2.8707,1.125950017
1998,2,m,20.2,210,161,159,-2.8707,1.125950017
1998,2,m,22.62,210,161,159,-2.8707,1.125950017
1998,2,m,21.63,217,161,159,-2.8707,1.125950017
1998,2,m,21.81,217,161,159,-2.8707,1.125950017
1998,2,m,23.33,238,161,159,-2.8707,1.125950017
1998,3,m,23.07,224,161,159,-2.8707,1.125950017
1998,3,m,22.58,224,161,159,-2.8707,1.125950017
1998,3,m,23.93,231,161,159,-2.8707,1.125950017
1998,3,m,22.43,224,161,159,-2.8707,1.125950017
1998,4,m,23.21,217,161,159,-2.8707,1.125950017
1998,5,f,21.79,231,161,159,-2.8707,1.125950017
1998,6,f,24.54,224,161,159,-2.8707,1.125950017
1998,6,f,23.1,231,161,159,-2.8707,1.125950017
1998,6,m,22.87,224,161,159,-2.8707,1.125950017
1998,6,m,22.18,224,161,159,-2.8707,1.125950017
1998,6,m,23.44,224,161,159,-2.8707,1.125950017
1998,6,m,23.78,224,161,159,-2.8707,1.125950017
1998,6,m,22.77,224,161,159,-2.8707,1.125950017
1998,6,m,22.47,231,161,159,-2.8707,1.125950017
1999,2,f,22.5,196,166.67,161,-1.3216,0.893579235
1999,2,f,24.39,210,166.67,161,-1.3216,0.893579235
1999,2,f,23.53,210,166.67,161,-1.3216,0.893579235
1999,2,f,23.98,210,166.67,161,-1.3216,0.893579235
1999,2,m,23.07,210,166.67,161,-1.3216,0.893579235
1999,2,m,23.43,210,166.67,161,-1.3216,0.893579235
1999,2,m,24.44,217,166.67,161,-1.3216,0.893579235
1999,2,m,24.38,224,166.67,161,-1.3216,0.893579235
1999,2,m,22.35,231,166.67,161,-1.3216,0.893579235
1999,2,m,22.69,238,166.67,161,-1.3216,0.893579235
1999,3,m,23.24,224,166.67,161,-1.3216,0.893579235
1999,3,m,22.25,224,166.67,161,-1.3216,0.893579235
1999,3,m,20.66,231,166.67,161,-1.3216,0.893579235
1999,3,m,21.27,231,166.67,161,-1.3216,0.893579235
1999,3,m,19.89,238,166.67,161,-1.3216,0.893579235
1999,4,f,23.86,217,166.67,161,-1.3216,0.893579235
1999,4,m,21.9,217,166.67,161,-1.3216,0.893579235
1999,4,m,22.53,217,166.67,161,-1.3216,0.893579235
1999,4,m,21.8,224,166.67,161,-1.3216,0.893579235
1999,4,m,21.94,224,166.67,161,-1.3216,0.893579235
1999,4,m,22.3,224,166.67,161,-1.3216,0.893579235
1999,4,m,21.42,231,166.67,161,-1.3216,0.893579235
1999,4,m,20.11,231,166.67,161,-1.3216,0.893579235
1999,4,m,22.55,231,166.67,161,-1.3216,0.893579235
1999,4,m,23.59,238,166.67,161,-1.3216,0.893579235
1999,5,f,23.74,217,166.67,161,-1.3216,0.893579235
1999,5,f,24.37,224,166.67,161,-1.3216,0.893579235
1999,5,m,23.36,217,166.67,161,-1.3216,0.893579235
1999,5,m,23.38,217,166.67,161,-1.3216,0.893579235
1999,5,m,21.92,224,166.67,161,-1.3216,0.893579235
1999,5,m,21.6,224,166.67,161,-1.3216,0.893579235
1999,5,m,21.29,224,166.67,161,-1.3216,0.893579235
1999,5,m,21.33,231,166.67,161,-1.3216,0.893579235
1999,5,m,23.18,231,166.67,161,-1.3216,0.893579235
1999,5,m,23.61,231,166.67,161,-1.3216,0.893579235
1999,5,m,22.21,231,166.67,161,-1.3216,0.893579235
1999,5,m,23.71,238,166.67,161,-1.3216,0.893579235
1999,6,f,22.72,231,166.67,161,-1.3216,0.893579235
1999,6,f,23.15,231,166.67,161,-1.3216,0.893579235
1999,6,f,23.75,231,166.67,161,-1.3216,0.893579235
1999,6,f,23.75,231,166.67,161,-1.3216,0.893579235
1999,6,m,21.89,231,166.67,161,-1.3216,0.893579235
1999,6,m,23.4,231,166.67,161,-1.3216,0.893579235
1999,7,f,22.46,217,166.67,161,-1.3216,0.893579235
1999,7,f,23.86,224,166.67,161,-1.3216,0.893579235
1999,7,f,25.29,238,166.67,161,-1.3216,0.893579235
1999,7,m,23.35,217,166.67,161,-1.3216,0.893579235
1999,7,m,22.85,238,166.67,161,-1.3216,0.893579235
2000,1,f,22.33,203,154.83,166.67,-1.8207,1.639905149
2000,2,f,24.5,210,154.83,166.67,-1.8207,1.639905149
2000,2,f,21.86,182,154.83,166.67,-1.8207,1.639905149
2000,2,f,23.5,203,154.83,166.67,-1.8207,1.639905149
2000,2,m,21.74,189,154.83,166.67,-1.8207,1.639905149
2000,2,m,22.88,189,154.83,166.67,-1.8207,1.639905149
2000,2,m,24.29,203,154.83,166.67,-1.8207,1.639905149
2000,2,m,23.74,203,154.83,166.67,-1.8207,1.639905149
2000,2,m,22.78,203,154.83,166.67,-1.8207,1.639905149
2000,2,m,23.14,224,154.83,166.67,-1.8207,1.639905149
2000,3,f,24.82,189,154.83,166.67,-1.8207,1.639905149
2000,3,m,21.62,189,154.83,166.67,-1.8207,1.639905149
2000,3,m,23.3,224,154.83,166.67,-1.8207,1.639905149
2000,4,f,21.92,196,154.83,166.67,-1.8207,1.639905149
2000,4,f,21.56,210,154.83,166.67,-1.8207,1.639905149
2000,4,m,21.4,189,154.83,166.67,-1.8207,1.639905149
2000,4,m,22.58,203,154.83,166.67,-1.8207,1.639905149
2000,4,m,23.65,203,154.83,166.67,-1.8207,1.639905149
2000,4,m,22.92,203,154.83,166.67,-1.8207,1.639905149
2000,4,m,22.26,210,154.83,166.67,-1.8207,1.639905149
2000,4,m,22.6,210,154.83,166.67,-1.8207,1.639905149
2000,4,m,21.75,210,154.83,166.67,-1.8207,1.639905149
2000,4,m,24.12,210,154.83,166.67,-1.8207,1.639905149
2000,4,m,21.8,210,154.83,166.67,-1.8207,1.639905149
2000,4,m,21.54,210,154.83,166.67,-1.8207,1.639905149
2000,4,m,22.57,217,154.83,166.67,-1.8207,1.639905149
2000,4,m,21.95,217,154.83,166.67,-1.8207,1.639905149
2000,5,f,22.79,189,154.83,166.67,-1.8207,1.639905149
2000,5,f,23.57,203,154.83,166.67,-1.8207,1.639905149
2000,5,f,22.58,210,154.83,166.67,-1.8207,1.639905149
2000,5,f,21.85,210,154.83,166.67,-1.8207,1.639905149
2000,5,f,22.76,210,154.83,166.67,-1.8207,1.639905149
2000,5,m,21.32,189,154.83,166.67,-1.8207,1.639905149
2000,5,m,21.1,189,154.83,166.67,-1.8207,1.639905149
2000,5,m,22.91,196,154.83,166.67,-1.8207,1.639905149
2000,5,m,22.09,196,154.83,166.67,-1.8207,1.639905149
2000,5,m,21.89,196,154.83,166.67,-1.8207,1.639905149
2000,5,m,23.35,203,154.83,166.67,-1.8207,1.639905149
2000,5,m,22.77,203,154.83,166.67,-1.8207,1.639905149
2000,5,m,24.26,203,154.83,166.67,-1.8207,1.639905149
2000,5,m,21.6,210,154.83,166.67,-1.8207,1.639905149
2000,5,m,23.16,210,154.83,166.67,-1.8207,1.639905149
2000,5,m,18.71,210,154.83,166.67,-1.8207,1.639905149
2000,5,m,21.2,210,154.83,166.67,-1.8207,1.639905149
2000,5,m,21.47,217,154.83,166.67,-1.8207,1.639905149
2000,5,m,24.47,224,154.83,166.67,-1.8207,1.639905149
2000,7,f,21.46,189,154.83,166.67,-1.8207,1.639905149
2000,7,f,24.24,210,154.83,166.67,-1.8207,1.639905149
2000,7,f,22.56,210,154.83,166.67,-1.8207,1.639905149
2000,7,f,24.12,217,154.83,166.67,-1.8207,1.639905149
2000,7,f,23.38,224,154.83,166.67,-1.8207,1.639905149
2000,7,m,22.78,189,154.83,166.67,-1.8207,1.639905149
2000,7,m,22.57,189,154.83,166.67,-1.8207,1.639905149
2000,7,m,22.5,189,154.83,166.67,-1.8207,1.639905149
2000,7,m,24.31,203,154.83,166.67,-1.8207,1.639905149
2000,7,m,23.84,203,154.83,166.67,-1.8207,1.639905149
2000,7,m,22.24,210,154.83,166.67,-1.8207,1.639905149
2000,7,m,22.24,210,154.83,166.67,-1.8207,1.639905149
2000,7,m,23.02,210,154.83,166.67,-1.8207,1.639905149
2000,7,m,22.52,210,154.83,166.67,-1.8207,1.639905149
2000,7,m,21.34,210,154.83,166.67,-1.8207,1.639905149
2000,7,m,21.65,210,154.83,166.67,-1.8207,1.639905149
2000,7,m,21.72,210,154.83,166.67,-1.8207,1.639905149
2000,7,m,22.1,210,154.83,166.67,-1.8207,1.639905149
2000,7,m,22.75,210,154.83,166.67,-1.8207,1.639905149
2000,7,m,22.68,217,154.83,166.67,-1.8207,1.639905149
2000,7,m,21.33,217,154.83,166.67,-1.8207,1.639905149
2001,2,f,23.95,210,158.5,154.83,-2.2239,1.448373984
2001,2,f,21.94,210,158.5,154.83,-2.2239,1.448373984
2001,2,f,22.25,210,158.5,154.83,-2.2239,1.448373984
2001,2,f,23.83,217,158.5,154.83,-2.2239,1.448373984
2001,2,f,22.37,217,158.5,154.83,-2.2239,1.448373984
2001,2,f,24.32,217,158.5,154.83,-2.2239,1.448373984
2001,2,m,22.69,196,158.5,154.83,-2.2239,1.448373984
2001,2,m,22.88,203,158.5,154.83,-2.2239,1.448373984
2001,3,m,21.95,217,158.5,154.83,-2.2239,1.448373984
2001,4,f,22.86,217,158.5,154.83,-2.2239,1.448373984
2001,4,m,22.21,196,158.5,154.83,-2.2239,1.448373984
2001,4,m,21.86,210,158.5,154.83,-2.2239,1.448373984
2001,4,m,23.11,210,158.5,154.83,-2.2239,1.448373984
2001,4,m,22.04,217,158.5,154.83,-2.2239,1.448373984
2001,4,m,21.53,217,158.5,154.83,-2.2239,1.448373984
2001,4,m,22.67,217,158.5,154.83,-2.2239,1.448373984
2001,4,m,22.47,231,158.5,154.83,-2.2239,1.448373984
2001,5,f,23.59,210,158.5,154.83,-2.2239,1.448373984
2001,5,f,22.41,217,158.5,154.83,-2.2239,1.448373984
2001,5,m,21.79,196,158.5,154.83,-2.2239,1.448373984
2001,7,m,22.27,210,158.5,154.83,-2.2239,1.448373984
2002,1,f,22.9,182,156.33,158.5,-0.8152,1.607283198
2002,1,f,21.89,189,156.33,158.5,-0.8152,1.607283198
2002,1,f,21.87,189,156.33,158.5,-0.8152,1.607283198
2002,1,f,23.11,196,156.33,158.5,-0.8152,1.607283198
2002,1,f,21.27,196,156.33,158.5,-0.8152,1.607283198
2002,1,m,20.97,189,156.33,158.5,-0.8152,1.607283198
2002,2,f,22.84,182,156.33,158.5,-0.8152,1.607283198
2002,2,f,21.89,189,156.33,158.5,-0.8152,1.607283198
2002,2,f,22.58,189,156.33,158.5,-0.8152,1.607283198
2002,2,f,23.43,189,156.33,158.5,-0.8152,1.607283198
2002,2,f,22.76,203,156.33,158.5,-0.8152,1.607283198
2002,2,f,22.75,217,156.33,158.5,-0.8152,1.607283198
2002,2,m,21.4,189,156.33,158.5,-0.8152,1.607283198
2002,2,m,23.03,189,156.33,158.5,-0.8152,1.607283198
2002,2,m,23,196,156.33,158.5,-0.8152,1.607283198
2002,2,m,20.2,196,156.33,158.5,-0.8152,1.607283198
2002,2,m,20.78,203,156.33,158.5,-0.8152,1.607283198
2002,2,m,21.73,203,156.33,158.5,-0.8152,1.607283198
2002,3,f,24.12,196,156.33,158.5,-0.8152,1.607283198
2002,3,f,22.76,203,156.33,158.5,-0.8152,1.607283198
2002,3,f,22.45,238,156.33,158.5,-0.8152,1.607283198
2002,3,m,22.78,196,156.33,158.5,-0.8152,1.607283198
2002,3,m,21.87,203,156.33,158.5,-0.8152,1.607283198
2002,3,m,22.89,217,156.33,158.5,-0.8152,1.607283198
2002,3,m,21.32,217,156.33,158.5,-0.8152,1.607283198
2002,3,m,23.08,224,156.33,158.5,-0.8152,1.607283198
2002,4,f,24.83,203,156.33,158.5,-0.8152,1.607283198
2002,4,m,21.52,203,156.33,158.5,-0.8152,1.607283198
2002,4,m,22.1,217,156.33,158.5,-0.8152,1.607283198
2002,4,m,22.15,217,156.33,158.5,-0.8152,1.607283198
2002,4,m,22.74,217,156.33,158.5,-0.8152,1.607283198
2002,4,m,21.36,217,156.33,158.5,-0.8152,1.607283198
2002,5,m,21.35,189,156.33,158.5,-0.8152,1.607283198
2002,5,m,22.87,196,156.33,158.5,-0.8152,1.607283198
2002,7,f,22.42,196,156.33,158.5,-0.8152,1.607283198
2003,1,f,22.83,217,159.5,156.33,-1.7914,2.266327913
2003,2,f,22.45,203,159.5,156.33,-1.7914,2.266327913
2003,2,f,24.1,203,159.5,156.33,-1.7914,2.266327913
2003,2,f,25.75,203,159.5,156.33,-1.7914,2.266327913
2003,2,f,24.8,203,159.5,156.33,-1.7914,2.266327913
2003,2,f,24.26,203,159.5,156.33,-1.7914,2.266327913
2003,2,f,22.7,203,159.5,156.33,-1.7914,2.266327913
2003,2,f,23.04,196,159.5,156.33,-1.7914,2.266327913
2003,2,f,21.37,210,159.5,156.33,-1.7914,2.266327913
2003,2,f,25.46,217,159.5,156.33,-1.7914,2.266327913
2003,2,m,23.09,203,159.5,156.33,-1.7914,2.266327913
2003,2,m,23.9,203,159.5,156.33,-1.7914,2.266327913
2003,2,m,22.32,203,159.5,156.33,-1.7914,2.266327913
2003,2,m,23.82,203,159.5,156.33,-1.7914,2.266327913
2003,2,m,24.65,203,159.5,156.33,-1.7914,2.266327913
2003,2,m,24.04,203,159.5,156.33,-1.7914,2.266327913
2003,2,m,23.7,203,159.5,156.33,-1.7914,2.266327913
2003,2,m,22.58,196,159.5,156.33,-1.7914,2.266327913
2003,2,m,23.83,210,159.5,156.33,-1.7914,2.266327913
2003,2,m,22.14,210,159.5,156.33,-1.7914,2.266327913
2003,2,m,26.09,210,159.5,156.33,-1.7914,2.266327913
2003,2,m,22.12,210,159.5,156.33,-1.7914,2.266327913
2003,2,m,22.5,217,159.5,156.33,-1.7914,2.266327913
2003,3,f,23.88,203,159.5,156.33,-1.7914,2.266327913
2003,3,f,23.08,203,159.5,156.33,-1.7914,2.266327913
2003,3,f,22.74,203,159.5,156.33,-1.7914,2.266327913
2003,3,f,23.55,203,159.5,156.33,-1.7914,2.266327913
2003,3,f,22.93,203,159.5,156.33,-1.7914,2.266327913
2003,3,f,25.05,203,159.5,156.33,-1.7914,2.266327913
2003,3,f,23.28,210,159.5,156.33,-1.7914,2.266327913
2003,3,f,24.71,210,159.5,156.33,-1.7914,2.266327913
2003,3,f,21.77,210,159.5,156.33,-1.7914,2.266327913
2003,3,m,22.77,196,159.5,156.33,-1.7914,2.266327913
2003,3,m,23,203,159.5,156.33,-1.7914,2.266327913
2003,3,m,22.63,203,159.5,156.33,-1.7914,2.266327913
2003,3,m,22.91,203,159.5,156.33,-1.7914,2.266327913
2003,3,m,22.55,203,159.5,156.33,-1.7914,2.266327913
2003,3,m,21.97,203,159.5,156.33,-1.7914,2.266327913
2003,3,m,22.12,203,159.5,156.33,-1.7914,2.266327913
2003,3,m,21.97,203,159.5,156.33,-1.7914,2.266327913
2003,3,m,22.57,203,159.5,156.33,-1.7914,2.266327913
2003,3,m,21.92,203,159.5,156.33,-1.7914,2.266327913
2003,3,m,21.19,203,159.5,156.33,-1.7914,2.266327913
2003,3,m,22.67,203,159.5,156.33,-1.7914,2.266327913
2003,3,m,21.71,203,159.5,156.33,-1.7914,2.266327913
2003,3,m,20.58,203,159.5,156.33,-1.7914,2.266327913
2003,3,m,21.59,203,159.5,156.33,-1.7914,2.266327913
2003,3,m,20.98,203,159.5,156.33,-1.7914,2.266327913
2003,3,m,23.59,203,159.5,156.33,-1.7914,2.266327913
2003,3,m,23,210,159.5,156.33,-1.7914,2.266327913
2003,3,m,22.71,210,159.5,156.33,-1.7914,2.266327913
2003,3,m,21.51,210,159.5,156.33,-1.7914,2.266327913
2003,3,m,22.37,210,159.5,156.33,-1.7914,2.266327913
2003,3,m,22.45,210,159.5,156.33,-1.7914,2.266327913
2003,3,m,23.93,210,159.5,156.33,-1.7914,2.266327913
2003,3,m,22.53,210,159.5,156.33,-1.7914,2.266327913
2003,3,m,23.78,210,159.5,156.33,-1.7914,2.266327913
2003,3,m,22.26,210,159.5,156.33,-1.7914,2.266327913
2003,3,m,22.2,210,159.5,156.33,-1.7914,2.266327913
2003,3,m,21.85,210,159.5,156.33,-1.7914,2.266327913
2003,3,m,20.22,217,159.5,156.33,-1.7914,2.266327913
2003,3,m,22.67,217,159.5,156.33,-1.7914,2.266327913
2003,3,m,22.3,217,159.5,156.33,-1.7914,2.266327913
2003,3,m,23.23,217,159.5,156.33,-1.7914,2.266327913
2003,3,m,22.4,217,159.5,156.33,-1.7914,2.266327913
2003,3,m,23.55,224,159.5,156.33,-1.7914,2.266327913
2003,4,f,20.45,189,159.5,156.33,-1.7914,2.266327913
2003,4,f,23.22,203,159.5,156.33,-1.7914,2.266327913
2003,4,f,23.22,203,159.5,156.33,-1.7914,2.266327913
2003,4,f,21.72,203,159.5,156.33,-1.7914,2.266327913
2003,4,f,23.05,210,159.5,156.33,-1.7914,2.266327913
2003,4,m,23.2,203,159.5,156.33,-1.7914,2.266327913
2003,4,m,21.49,203,159.5,156.33,-1.7914,2.266327913
2003,4,m,23.89,203,159.5,156.33,-1.7914,2.266327913
2003,4,m,22.46,203,159.5,156.33,-1.7914,2.266327913
2003,4,m,22.21,203,159.5,156.33,-1.7914,2.266327913
2003,4,m,21.96,203,159.5,156.33,-1.7914,2.266327913
2003,4,m,23.52,203,159.5,156.33,-1.7914,2.266327913
2003,4,m,21.84,203,159.5,156.33,-1.7914,2.266327913
2003,4,m,20.65,203,159.5,156.33,-1.7914,2.266327913
2003,4,m,22.45,203,159.5,156.33,-1.7914,2.266327913
2003,4,m,22.12,203,159.5,156.33,-1.7914,2.266327913
2003,4,m,23.02,203,159.5,156.33,-1.7914,2.266327913
2003,4,m,21.92,203,159.5,156.33,-1.7914,2.266327913
2003,4,m,22.23,203,159.5,156.33,-1.7914,2.266327913
2003,4,m,21.69,210,159.5,156.33,-1.7914,2.266327913
2003,4,m,22.3,210,159.5,156.33,-1.7914,2.266327913
2003,4,m,24.04,210,159.5,156.33,-1.7914,2.266327913
2003,4,m,21.84,210,159.5,156.33,-1.7914,2.266327913
2003,4,m,22.89,217,159.5,156.33,-1.7914,2.266327913
2003,4,m,23.04,217,159.5,156.33,-1.7914,2.266327913
2003,5,f,23.41,189,159.5,156.33,-1.7914,2.266327913
2003,5,f,23.46,189,159.5,156.33,-1.7914,2.266327913
2003,5,f,22.45,203,159.5,156.33,-1.7914,2.266327913
2003,5,f,22.33,203,159.5,156.33,-1.7914,2.266327913
2003,5,f,22.42,203,159.5,156.33,-1.7914,2.266327913
2003,5,f,21.2,203,159.5,156.33,-1.7914,2.266327913
2003,5,f,23.87,210,159.5,156.33,-1.7914,2.266327913
2003,5,f,24.14,217,159.5,156.33,-1.7914,2.266327913
2003,5,m,21.74,189,159.5,156.33,-1.7914,2.266327913
2003,5,m,23.46,189,159.5,156.33,-1.7914,2.266327913
2003,5,m,21.82,189,159.5,156.33,-1.7914,2.266327913
2003,5,m,22.27,189,159.5,156.33,-1.7914,2.266327913
2003,5,m,20.29,189,159.5,156.33,-1.7914,2.266327913
2003,5,m,23.35,196,159.5,156.33,-1.7914,2.266327913
2003,5,m,21.43,203,159.5,156.33,-1.7914,2.266327913
2003,5,m,21.22,203,159.5,156.33,-1.7914,2.266327913
2003,5,m,21.53,203,159.5,156.33,-1.7914,2.266327913
2003,5,m,22.38,203,159.5,156.33,-1.7914,2.266327913
2003,5,m,23.03,203,159.5,156.33,-1.7914,2.266327913
2003,5,m,21.91,203,159.5,156.33,-1.7914,2.266327913
2003,5,m,23,203,159.5,156.33,-1.7914,2.266327913
2003,5,m,22.62,203,159.5,156.33,-1.7914,2.266327913
2003,5,m,22.8,203,159.5,156.33,-1.7914,2.266327913
2003,5,m,23.15,203,159.5,156.33,-1.7914,2.266327913
2003,5,m,22.17,203,159.5,156.33,-1.7914,2.266327913
2003,5,m,22.27,203,159.5,156.33,-1.7914,2.266327913
2003,5,m,22.87,203,159.5,156.33,-1.7914,2.266327913
2003,5,m,21.8,203,159.5,156.33,-1.7914,2.266327913
2003,5,m,20.58,203,159.5,156.33,-1.7914,2.266327913
2003,5,m,21.12,203,159.5,156.33,-1.7914,2.266327913
2003,5,m,22.64,210,159.5,156.33,-1.7914,2.266327913
2003,5,m,21.46,210,159.5,156.33,-1.7914,2.266327913
2003,5,m,23.68,210,159.5,156.33,-1.7914,2.266327913
2003,5,m,21.53,210,159.5,156.33,-1.7914,2.266327913
2003,5,m,23.22,210,159.5,156.33,-1.7914,2.266327913
2003,5,m,22.92,217,159.5,156.33,-1.7914,2.266327913
2003,5,m,22.11,217,159.5,156.33,-1.7914,2.266327913
2003,5,m,22.34,217,159.5,156.33,-1.7914,2.266327913
2003,7,f,21.62,203,159.5,156.33,-1.7914,2.266327913
2003,7,f,23.56,210,159.5,156.33,-1.7914,2.266327913
2003,7,f,23.03,210,159.5,156.33,-1.7914,2.266327913
2003,7,f,24.23,210,159.5,156.33,-1.7914,2.266327913
2003,7,m,22.2,189,159.5,156.33,-1.7914,2.266327913
2003,7,m,22.02,189,159.5,156.33,-1.7914,2.266327913
2003,7,m,21.72,189,159.5,156.33,-1.7914,2.266327913
2003,7,m,21.88,203,159.5,156.33,-1.7914,2.266327913
2003,7,m,21.58,203,159.5,156.33,-1.7914,2.266327913
2003,7,m,21.52,203,159.5,156.33,-1.7914,2.266327913
2003,7,m,23.87,203,159.5,156.33,-1.7914,2.266327913
2003,7,m,22.64,203,159.5,156.33,-1.7914,2.266327913
2003,7,m,21.76,203,159.5,156.33,-1.7914,2.266327913
2003,7,m,22.86,203,159.5,156.33,-1.7914,2.266327913
2003,7,m,22.13,203,159.5,156.33,-1.7914,2.266327913
2003,7,m,23.12,203,159.5,156.33,-1.7914,2.266327913
2003,7,m,22.28,203,159.5,156.33,-1.7914,2.266327913
2003,7,m,22.32,203,159.5,156.33,-1.7914,2.266327913
2003,7,m,23.03,203,159.5,156.33,-1.7914,2.266327913
2003,7,m,21.77,203,159.5,156.33,-1.7914,2.266327913
2003,7,m,22.2,203,159.5,156.33,-1.7914,2.266327913
2003,7,m,23.46,203,159.5,156.33,-1.7914,2.266327913
2003,7,m,22.86,210,159.5,156.33,-1.7914,2.266327913
2003,7,m,21.41,210,159.5,156.33,-1.7914,2.266327913
2003,7,m,22.76,210,159.5,156.33,-1.7914,2.266327913
2003,7,m,23.47,217,159.5,156.33,-1.7914,2.266327913
2004,1,f,22.24,189,152.33,159.5,-1.0844,2.693089431
2004,1,f,22.36,203,152.33,159.5,-1.0844,2.693089431
2004,1,f,22.48,210,152.33,159.5,-1.0844,2.693089431
2004,1,f,23.71,196,152.33,159.5,-1.0844,2.693089431
2004,1,f,23.73,196,152.33,159.5,-1.0844,2.693089431
2004,1,f,22.43,196,152.33,159.5,-1.0844,2.693089431
2004,1,f,23.63,196,152.33,159.5,-1.0844,2.693089431
2004,1,m,22.26,175,152.33,159.5,-1.0844,2.693089431
2004,1,m,21.06,203,152.33,159.5,-1.0844,2.693089431
2004,2,f,23.53,189,152.33,159.5,-1.0844,2.693089431
2004,2,f,23.24,196,152.33,159.5,-1.0844,2.693089431
2004,2,f,24.36,196,152.33,159.5,-1.0844,2.693089431
2004,2,f,24.78,196,152.33,159.5,-1.0844,2.693089431
2004,2,f,22.02,203,152.33,159.5,-1.0844,2.693089431
2004,2,f,22.22,210,152.33,159.5,-1.0844,2.693089431
2004,2,m,23.56,196,152.33,159.5,-1.0844,2.693089431
2004,2,m,21.22,196,152.33,159.5,-1.0844,2.693089431
2004,2,m,23.45,210,152.33,159.5,-1.0844,2.693089431
2004,2,m,22.48,210,152.33,159.5,-1.0844,2.693089431
2004,2,m,22.77,217,152.33,159.5,-1.0844,2.693089431
2004,3,f,22.28,196,152.33,159.5,-1.0844,2.693089431
2004,3,f,23.3,217,152.33,159.5,-1.0844,2.693089431
2004,3,f,23.32,217,152.33,159.5,-1.0844,2.693089431
2004,3,m,22.35,203,152.33,159.5,-1.0844,2.693089431
2004,3,m,22.37,189,152.33,159.5,-1.0844,2.693089431
2004,3,m,22.35,210,152.33,159.5,-1.0844,2.693089431
2004,4,f,22.78,203,152.33,159.5,-1.0844,2.693089431
2004,4,f,23,203,152.33,159.5,-1.0844,2.693089431
2004,4,f,23.86,203,152.33,159.5,-1.0844,2.693089431
2004,4,f,24.84,210,152.33,159.5,-1.0844,2.693089431
2004,4,m,24.22,189,152.33,159.5,-1.0844,2.693089431
2004,4,m,23.97,203,152.33,159.5,-1.0844,2.693089431
2004,4,m,22.56,203,152.33,159.5,-1.0844,2.693089431
2004,4,m,20.22,203,152.33,159.5,-1.0844,2.693089431
2004,5,m,22.73,196,152.33,159.5,-1.0844,2.693089431
2004,5,m,22.86,210,152.33,159.5,-1.0844,2.693089431
2004,5,m,22.22,224,152.33,159.5,-1.0844,2.693089431
2004,5,m,23.68,196,152.33,159.5,-1.0844,2.693089431
2004,5,m,23.19,196,152.33,159.5,-1.0844,2.693089431
2004,5,m,22.51,196,152.33,159.5,-1.0844,2.693089431
2004,7,f,22.81,196,152.33,159.5,-1.0844,2.693089431
2004,7,f,22.25,196,152.33,159.5,-1.0844,2.693089431
2004,7,f,24.77,196,152.33,159.5,-1.0844,2.693089431
2004,7,f,21.18,203,152.33,159.5,-1.0844,2.693089431
2004,7,f,22.25,217,152.33,159.5,-1.0844,2.693089431
2004,7,m,24.55,189,152.33,159.5,-1.0844,2.693089431
2004,7,m,22.47,196,152.33,159.5,-1.0844,2.693089431
2004,7,m,24.03,189,152.33,159.5,-1.0844,2.693089431
2005,1,f,22.18,210,142.67,152.33,0.0715,2.622721088
2005,2,f,23.72,203,142.67,152.33,0.0715,2.622721088
2005,2,f,21.91,210,142.67,152.33,0.0715,2.622721088
2005,2,m,20.94,182,142.67,152.33,0.0715,2.622721088
2005,3,f,23.35,217,142.67,152.33,0.0715,2.622721088
2005,4,f,24.14,203,142.67,152.33,0.0715,2.622721088
2005,4,m,22.8,196,142.67,152.33,0.0715,2.622721088
2005,5,f,23.05,196,142.67,152.33,0.0715,2.622721088
2005,5,m,22.52,196,142.67,152.33,0.0715,2.622721088
2005,5,m,23.3,203,142.67,152.33,0.0715,2.622721088
2005,5,m,22.93,203,142.67,152.33,0.0715,2.622721088
2005,5,m,22.86,210,142.67,152.33,0.0715,2.622721088
2005,7,f,22.42,203,142.67,152.33,0.0715,2.622721088
2005,7,f,25.12,203,142.67,152.33,0.0715,2.622721088
2005,7,m,23.19,203,142.67,152.33,0.0715,2.622721088
2005,7,m,23.05,203,142.67,152.33,0.0715,2.622721088
2005,7,m,21.87,210,142.67,152.33,0.0715,2.622721088
2006,1,f,21.32,217,158.83,142.67,-0.7902,2.933130081
2006,1,f,21.75,217,158.83,142.67,-0.7902,2.933130081
2006,1,m,21.4,224,158.83,142.67,-0.7902,2.933130081
2006,2,f,23.3,231,158.83,142.67,-0.7902,2.933130081
2006,2,f,21.5,231,158.83,142.67,-0.7902,2.933130081
2006,2,m,21.54,189,158.83,142.67,-0.7902,2.933130081
2006,2,m,22.75,231,158.83,142.67,-0.7902,2.933130081
2006,3,f,23.75,217,158.83,142.67,-0.7902,2.933130081
2006,3,f,22.96,224,158.83,142.67,-0.7902,2.933130081
2006,3,f,23.23,231,158.83,142.67,-0.7902,2.933130081
2006,3,m,22.45,210,158.83,142.67,-0.7902,2.933130081
2006,3,m,22.6,224,158.83,142.67,-0.7902,2.933130081
2006,3,m,22.4,224,158.83,142.67,-0.7902,2.933130081
2006,3,m,22.2,231,158.83,142.67,-0.7902,2.933130081
2006,3,m,22.5,231,158.83,142.67,-0.7902,2.933130081
2006,4,f,23.89,196,158.83,142.67,-0.7902,2.933130081
2006,4,f,23.01,217,158.83,142.67,-0.7902,2.933130081
2006,4,f,23.21,224,158.83,142.67,-0.7902,2.933130081
2006,4,f,23.55,224,158.83,142.67,-0.7902,2.933130081
2006,4,f,21.8,224,158.83,142.67,-0.7902,2.933130081
2006,4,f,22.95,231,158.83,142.67,-0.7902,2.933130081
2006,4,m,20.68,217,158.83,142.67,-0.7902,2.933130081
2006,4,m,22.65,217,158.83,142.67,-0.7902,2.933130081
2006,4,m,22.15,217,158.83,142.67,-0.7902,2.933130081
2006,4,m,22.34,217,158.83,142.67,-0.7902,2.933130081
2006,4,m,22.23,217,158.83,142.67,-0.7902,2.933130081
2006,4,m,20.72,217,158.83,142.67,-0.7902,2.933130081
2006,4,m,22.25,217,158.83,142.67,-0.7902,2.933130081
2006,4,m,21.1,217,158.83,142.67,-0.7902,2.933130081
2006,4,m,21.35,217,158.83,142.67,-0.7902,2.933130081
2006,4,m,21.19,217,158.83,142.67,-0.7902,2.933130081
2006,4,m,21.5,224,158.83,142.67,-0.7902,2.933130081
2006,4,m,22.9,224,158.83,142.67,-0.7902,2.933130081
2006,4,m,22.15,224,158.83,142.67,-0.7902,2.933130081
2006,4,m,22.25,231,158.83,142.67,-0.7902,2.933130081
2006,4,m,22.5,231,158.83,142.67,-0.7902,2.933130081
2006,5,f,22.35,231,158.83,142.67,-0.7902,2.933130081
2006,5,m,22.3,217,158.83,142.67,-0.7902,2.933130081
2006,5,m,22.25,217,158.83,142.67,-0.7902,2.933130081
2006,5,m,22.5,224,158.83,142.67,-0.7902,2.933130081
2006,5,m,22.1,224,158.83,142.67,-0.7902,2.933130081
2006,5,m,20.83,231,158.83,142.67,-0.7902,2.933130081
2006,7,m,22.55,217,158.83,142.67,-0.7902,2.933130081
2006,7,m,22.3,217,158.83,142.67,-0.7902,2.933130081
2007,1,f,22.9,196,159.5,158.83,-1.0388,2.662991859
2007,1,f,23.55,196,159.5,158.83,-1.0388,2.662991859
2007,1,f,21.24,196,159.5,158.83,-1.0388,2.662991859
2007,1,f,22.9,203,159.5,158.83,-1.0388,2.662991859
2007,1,f,23.22,203,159.5,158.83,-1.0388,2.662991859
2007,1,f,22.7,203,159.5,158.83,-1.0388,2.662991859
2007,1,f,21.85,203,159.5,158.83,-1.0388,2.662991859
2007,1,f,23.85,203,159.5,158.83,-1.0388,2.662991859
2007,1,f,23.15,203,159.5,158.83,-1.0388,2.662991859
2007,1,m,20.73,189,159.5,158.83,-1.0388,2.662991859
2007,1,m,21.93,196,159.5,158.83,-1.0388,2.662991859
2007,1,m,22.21,203,159.5,158.83,-1.0388,2.662991859
2007,1,m,23.42,203,159.5,158.83,-1.0388,2.662991859
2007,1,m,22.45,217,159.5,158.83,-1.0388,2.662991859
2007,2,f,22.6,196,159.5,158.83,-1.0388,2.662991859
2007,2,f,22.87,196,159.5,158.83,-1.0388,2.662991859
2007,2,m,21.75,196,159.5,158.83,-1.0388,2.662991859
2007,3,m,22.9,196,159.5,158.83,-1.0388,2.662991859
2007,4,f,21.72,210,159.5,158.83,-1.0388,2.662991859
2007,4,f,22.26,224,159.5,158.83,-1.0388,2.662991859
2007,4,m,22.55,196,159.5,158.83,-1.0388,2.662991859
2007,4,m,21.01,196,159.5,158.83,-1.0388,2.662991859
2007,4,m,22.52,224,159.5,158.83,-1.0388,2.662991859
2007,4,m,22.12,224,159.5,158.83,-1.0388,2.662991859
2007,4,m,20.47,224,159.5,158.83,-1.0388,2.662991859
2007,5,f,23.1,189,159.5,158.83,-1.0388,2.662991859
2007,5,m,21.46,196,159.5,158.83,-1.0388,2.662991859
2007,7,m,22.87,224,159.5,158.83,-1.0388,2.662991859
2007,7,m,22.28,224,159.5,158.83,-1.0388,2.662991859
2008,1,f,23.2,210,156.83,159.5,0.1782,2.630860434
2008,2,f,23.5,210,156.83,159.5,0.1782,2.630860434
2008,2,f,22.72,224,156.83,159.5,0.1782,2.630860434
2008,2,f,22.72,224,156.83,159.5,0.1782,2.630860434
2008,2,m,21.18,189,156.83,159.5,0.1782,2.630860434
2008,3,f,23.24,224,156.83,159.5,0.1782,2.630860434
2008,3,m,21.6,210,156.83,159.5,0.1782,2.630860434
2008,3,m,21.5,224,156.83,159.5,0.1782,2.630860434
2008,4,f,21.59,217,156.83,159.5,0.1782,2.630860434
2008,4,m,23.42,203,156.83,159.5,0.1782,2.630860434
2008,4,m,23.1,203,156.83,159.5,0.1782,2.630860434
2008,4,m,22.6,210,156.83,159.5,0.1782,2.630860434
2008,4,m,19.8,217,156.83,159.5,0.1782,2.630860434
2008,4,m,22.04,217,156.83,159.5,0.1782,2.630860434
2008,4,m,21.14,217,156.83,159.5,0.1782,2.630860434
2008,7,f,23.56,217,156.83,159.5,0.1782,2.630860434
2009,1,f,22.4,203,139.33,156.83,0.355,4.024575696
2009,1,f,22.13,203,139.33,156.83,0.355,4.024575696
2009,1,m,21.42,196,139.33,156.83,0.355,4.024575696
2009,2,f,23.25,189,139.33,156.83,0.355,4.024575696
2009,2,f,21.62,196,139.33,156.83,0.355,4.024575696
2009,2,f,22.2,196,139.33,156.83,0.355,4.024575696
2009,2,f,21.91,196,139.33,156.83,0.355,4.024575696
2009,2,f,23.23,203,139.33,156.83,0.355,4.024575696
2009,2,f,23.9,210,139.33,156.83,0.355,4.024575696
2009,2,m,21.17,189,139.33,156.83,0.355,4.024575696
2009,2,m,20.7,196,139.33,156.83,0.355,4.024575696
2009,2,m,21.65,196,139.33,156.83,0.355,4.024575696
2009,2,m,19.56,196,139.33,156.83,0.355,4.024575696
2009,2,m,22.85,203,139.33,156.83,0.355,4.024575696
2009,3,m,21.85,196,139.33,156.83,0.355,4.024575696
2009,4,f,20.5,210,139.33,156.83,0.355,4.024575696
2009,4,m,22.85,217,139.33,156.83,0.355,4.024575696
2009,7,m,21.62,196,139.33,156.83,0.355,4.024575696
2011,1,f,23.5,189,141.66,149.83,-0.8702,2.410806233
2011,1,f,23.83,203,141.66,149.83,-0.8702,2.410806233
2011,1,f,23.15,210,141.66,149.83,-0.8702,2.410806233
2011,1,f,21.82,210,141.66,149.83,-0.8702,2.410806233
2011,1,f,22.48,210,141.66,149.83,-0.8702,2.410806233
2011,1,f,23.25,210,141.66,149.83,-0.8702,2.410806233
2011,1,m,21.34,189,141.66,149.83,-0.8702,2.410806233
2011,1,m,23.77,189,141.66,149.83,-0.8702,2.410806233
2011,1,m,22.22,196,141.66,149.83,-0.8702,2.410806233
2011,1,m,23,210,141.66,149.83,-0.8702,2.410806233
2011,2,f,22.34,189,141.66,149.83,-0.8702,2.410806233
2011,2,f,24.3,189,141.66,149.83,-0.8702,2.410806233
2011,2,f,22.4,196,141.66,149.83,-0.8702,2.410806233
2011,2,f,23.08,210,141.66,149.83,-0.8702,2.410806233
2011,2,f,22.54,210,141.66,149.83,-0.8702,2.410806233
2011,2,f,23.05,210,141.66,149.83,-0.8702,2.410806233
2011,2,f,23.78,224,141.66,149.83,-0.8702,2.410806233
2011,2,m,21.65,189,141.66,149.83,-0.8702,2.410806233
2011,2,m,21.31,189,141.66,149.83,-0.8702,2.410806233
2011,2,m,20.25,189,141.66,149.83,-0.8702,2.410806233
2011,2,m,22.08,217,141.66,149.83,-0.8702,2.410806233
2011,2,m,22.3,217,141.66,149.83,-0.8702,2.410806233
2011,2,m,22.85,217,141.66,149.83,-0.8702,2.410806233
2011,3,f,23,224,141.66,149.83,-0.8702,2.410806233
2011,3,m,20.5,189,141.66,149.83,-0.8702,2.410806233
2011,3,m,22.8,203,141.66,149.83,-0.8702,2.410806233
2011,4,f,24.2,203,141.66,149.83,-0.8702,2.410806233
2011,5,f,22.36,189,141.66,149.83,-0.8702,2.410806233
2011,5,f,23.89,196,141.66,149.83,-0.8702,2.410806233
2011,5,f,23.68,196,141.66,149.83,-0.8702,2.410806233
2011,5,f,22.05,203,141.66,149.83,-0.8702,2.410806233
2011,5,f,22,203,141.66,149.83,-0.8702,2.410806233
2011,5,f,23.23,203,141.66,149.83,-0.8702,2.410806233
2011,5,f,23.52,203,141.66,149.83,-0.8702,2.410806233
2011,5,f,22.25,203,141.66,149.83,-0.8702,2.410806233
2011,5,f,23.51,217,141.66,149.83,-0.8702,2.410806233
2011,5,m,22,203,141.66,149.83,-0.8702,2.410806233
2011,5,m,21.89,203,141.66,149.83,-0.8702,2.410806233
2011,5,m,21.5,203,141.66,149.83,-0.8702,2.410806233
2011,5,m,23.18,203,141.66,149.83,-0.8702,2.410806233
2011,5,m,21.85,224,141.66,149.83,-0.8702,2.410806233
2011,5,m,20.97,224,141.66,149.83,-0.8702,2.410806233
2011,7,f,22.72,203,141.66,149.83,-0.8702,2.410806233
2011,7,f,21,217,141.66,149.83,-0.8702,2.410806233
2011,7,f,22.37,217,141.66,149.83,-0.8702,2.410806233
2011,7,m,22.37,217,141.66,149.83,-0.8702,2.410806233
2011,7,m,22,217,141.66,149.83,-0.8702,2.410806233
2011,7,m,21.92,224,141.66,149.83,-0.8702,2.410806233
2012,2,f,23.3,196,161.83,141.66,-1.7135,2.435501355
2012,2,f,23.2,196,161.83,141.66,-1.7135,2.435501355
2012,2,f,23.23,210,161.83,141.66,-1.7135,2.435501355
2012,2,f,23.42,210,161.83,141.66,-1.7135,2.435501355
2012,2,f,22.51,217,161.83,141.66,-1.7135,2.435501355
2012,2,f,22.86,217,161.83,141.66,-1.7135,2.435501355
2012,2,f,22.2,217,161.83,141.66,-1.7135,2.435501355
2012,2,m,20.42,224,161.83,141.66,-1.7135,2.435501355
2012,2,m,22.88,231,161.83,141.66,-1.7135,2.435501355
2012,3,m,22.5,217,161.83,141.66,-1.7135,2.435501355
2012,4,f,22.4,210,161.83,141.66,-1.7135,2.435501355
2012,4,f,23.2,217,161.83,141.66,-1.7135,2.435501355
2012,4,m,22.07,224,161.83,141.66,-1.7135,2.435501355
2012,4,m,21.45,224,161.83,141.66,-1.7135,2.435501355
2012,4,m,20.7,231,161.83,141.66,-1.7135,2.435501355
2012,5,f,24.42,224,161.83,141.66,-1.7135,2.435501355
2012,5,f,23.65,231,161.83,141.66,-1.7135,2.435501355
2012,5,m,22.7,217,161.83,141.66,-1.7135,2.435501355
2012,5,m,23.05,217,161.83,141.66,-1.7135,2.435501355
2012,5,m,22.89,217,161.83,141.66,-1.7135,2.435501355
2012,7,f,22.62,196,161.83,141.66,-1.7135,2.435501355
2012,7,f,22.26,210,161.83,141.66,-1.7135,2.435501355
2012,7,m,21.85,217,161.83,141.66,-1.7135,2.435501355
2012,7,m,22.2,217,161.83,141.66,-1.7135,2.435501355
2012,7,m,20.68,217,161.83,141.66,-1.7135,2.435501355
2012,7,m,23.33,224,161.83,141.66,-1.7135,2.435501355
2013,1,f,23.77,210,131,161.83,-0.5089,2.799695019
2013,1,f,24.94,203,131,161.83,-0.5089,2.799695019
2013,1,f,24.34,196,131,161.83,-0.5089,2.799695019
2013,1,f,23.74,196,131,161.83,-0.5089,2.799695019
2013,1,f,22.1,196,131,161.83,-0.5089,2.799695019
2013,1,f,22.48,210,131,161.83,-0.5089,2.799695019
2013,1,f,21.77,203,131,161.83,-0.5089,2.799695019
2013,1,f,23.87,203,131,161.83,-0.5089,2.799695019
2013,1,f,25.13,182,131,161.83,-0.5089,2.799695019
2013,1,f,24.02,189,131,161.83,-0.5089,2.799695019
2013,1,m,20.96,196,131,161.83,-0.5089,2.799695019
2013,1,m,22.5,189,131,161.83,-0.5089,2.799695019
2013,1,m,21.79,196,131,161.83,-0.5089,2.799695019
2013,1,m,24.15,196,131,161.83,-0.5089,2.799695019
2013,1,m,21.93,196,131,161.83,-0.5089,2.799695019
2013,1,m,23.07,196,131,161.83,-0.5089,2.799695019
2013,1,m,22.81,196,131,161.83,-0.5089,2.799695019
2013,1,m,22.67,203,131,161.83,-0.5089,2.799695019
2013,1,m,23.48,203,131,161.83,-0.5089,2.799695019
2013,1,m,23.41,203,131,161.83,-0.5089,2.799695019
2013,1,m,22.47,175,131,161.83,-0.5089,2.799695019
2013,1,m,19.96,182,131,161.83,-0.5089,2.799695019
2013,1,m,23.78,189,131,161.83,-0.5089,2.799695019
2013,2,f,23.05,189,131,161.83,-0.5089,2.799695019
2013,2,f,24.38,203,131,161.83,-0.5089,2.799695019
2013,2,f,23.23,203,131,161.83,-0.5089,2.799695019
2013,2,f,24.16,217,131,161.83,-0.5089,2.799695019
2013,2,f,23.37,203,131,161.83,-0.5089,2.799695019
2013,2,f,23.94,210,131,161.83,-0.5089,2.799695019
2013,2,f,23.15,210,131,161.83,-0.5089,2.799695019
2013,2,f,22.96,210,131,161.83,-0.5089,2.799695019
2013,2,f,24.28,210,131,161.83,-0.5089,2.799695019
2013,2,f,24.2,210,131,161.83,-0.5089,2.799695019
2013,2,f,25.03,210,131,161.83,-0.5089,2.799695019
2013,2,f,22.63,210,131,161.83,-0.5089,2.799695019
2013,2,f,24.19,210,131,161.83,-0.5089,2.799695019
2013,2,f,22.23,203,131,161.83,-0.5089,2.799695019
2013,2,m,22.42,189,131,161.83,-0.5089,2.799695019
2013,2,m,24.04,189,131,161.83,-0.5089,2.799695019
2013,2,m,23.52,189,131,161.83,-0.5089,2.799695019
2013,2,m,22.37,189,131,161.83,-0.5089,2.799695019
2013,2,m,23.25,189,131,161.83,-0.5089,2.799695019
2013,2,m,23.49,203,131,161.83,-0.5089,2.799695019
2013,2,m,22.89,203,131,161.83,-0.5089,2.799695019
2013,2,m,22.36,203,131,161.83,-0.5089,2.799695019
2013,2,m,21.71,217,131,161.83,-0.5089,2.799695019
2013,2,m,22.14,210,131,161.83,-0.5089,2.799695019
2013,3,f,24.73,203,131,161.83,-0.5089,2.799695019
2013,3,f,23.47,189,131,161.83,-0.5089,2.799695019
2013,3,f,24.86,203,131,161.83,-0.5089,2.799695019
2013,3,f,24.95,203,131,161.83,-0.5089,2.799695019
2013,3,f,24.05,203,131,161.83,-0.5089,2.799695019
2013,3,f,22.94,182,131,161.83,-0.5089,2.799695019
2013,3,f,22.23,189,131,161.83,-0.5089,2.799695019
2013,3,f,24.31,203,131,161.83,-0.5089,2.799695019
2013,3,m,22.46,189,131,161.83,-0.5089,2.799695019
2013,3,m,22.75,203,131,161.83,-0.5089,2.799695019
2013,3,m,22.02,210,131,161.83,-0.5089,2.799695019
2013,3,m,21.08,189,131,161.83,-0.5089,2.799695019
2013,3,m,21.88,210,131,161.83,-0.5089,2.799695019
2013,3,m,22.57,189,131,161.83,-0.5089,2.799695019
2013,3,m,23.88,189,131,161.83,-0.5089,2.799695019
2013,3,m,23.33,189,131,161.83,-0.5089,2.799695019
2013,3,m,24.75,189,131,161.83,-0.5089,2.799695019
2013,3,m,22.29,189,131,161.83,-0.5089,2.799695019
2013,3,m,24.21,189,131,161.83,-0.5089,2.799695019
2013,3,m,23.26,182,131,161.83,-0.5089,2.799695019
2013,3,m,22.5,217,131,161.83,-0.5089,2.799695019
2013,4,f,22.96,189,131,161.83,-0.5089,2.799695019
2013,4,f,23.88,189,131,161.83,-0.5089,2.799695019
2013,4,f,24.31,203,131,161.83,-0.5089,2.799695019
2013,4,f,22.98,210,131,161.83,-0.5089,2.799695019
2013,4,f,22.69,196,131,161.83,-0.5089,2.799695019
2013,4,f,24.48,210,131,161.83,-0.5089,2.799695019
2013,4,m,20.7,189,131,161.83,-0.5089,2.799695019
2013,4,m,22.95,196,131,161.83,-0.5089,2.799695019
2013,4,m,21.47,203,131,161.83,-0.5089,2.799695019
2013,4,m,23.99,196,131,161.83,-0.5089,2.799695019
2013,4,m,24.11,203,131,161.83,-0.5089,2.799695019
2013,4,m,24.09,196,131,161.83,-0.5089,2.799695019
2013,4,m,22.89,203,131,161.83,-0.5089,2.799695019
2013,5,f,22.33,245,131,161.83,-0.5089,2.799695019
2013,5,f,23.93,210,131,161.83,-0.5089,2.799695019
2013,5,f,25.15,210,131,161.83,-0.5089,2.799695019
2013,5,f,23.97,203,131,161.83,-0.5089,2.799695019
2013,5,f,22.72,203,131,161.83,-0.5089,2.799695019
2013,5,f,23.23,203,131,161.83,-0.5089,2.799695019
2013,5,f,23.47,189,131,161.83,-0.5089,2.799695019
2013,5,f,23.62,203,131,161.83,-0.5089,2.799695019
2013,5,f,23.97,203,131,161.83,-0.5089,2.799695019
2013,5,f,24.07,196,131,161.83,-0.5089,2.799695019
2013,5,f,24.23,210,131,161.83,-0.5089,2.799695019
2013,5,f,24.61,210,131,161.83,-0.5089,2.799695019
2013,5,f,23.2,196,131,161.83,-0.5089,2.799695019
2013,5,f,23.71,196,131,161.83,-0.5089,2.799695019
2013,5,f,24.61,196,131,161.83,-0.5089,2.799695019
2013,5,f,23.72,203,131,161.83,-0.5089,2.799695019
2013,5,f,23.48,203,131,161.83,-0.5089,2.799695019
2013,5,f,24.24,203,131,161.83,-0.5089,2.799695019
2013,5,m,23.42,203,131,161.83,-0.5089,2.799695019
2013,5,m,23,210,131,161.83,-0.5089,2.799695019
2013,5,m,22.97,189,131,161.83,-0.5089,2.799695019
2013,5,m,23.04,189,131,161.83,-0.5089,2.799695019
2013,5,m,19.42,196,131,161.83,-0.5089,2.799695019
2013,5,m,23.02,196,131,161.83,-0.5089,2.799695019
2013,5,m,23.27,196,131,161.83,-0.5089,2.799695019
2013,5,m,21.06,189,131,161.83,-0.5089,2.799695019
2013,5,m,24.02,210,131,161.83,-0.5089,2.799695019
2013,5,m,22.12,203,131,161.83,-0.5089,2.799695019
2013,5,m,21.69,203,131,161.83,-0.5089,2.799695019
2013,5,m,25.63,203,131,161.83,-0.5089,2.799695019
2013,5,m,24.04,203,131,161.83,-0.5089,2.799695019
2013,5,m,23.4,203,131,161.83,-0.5089,2.799695019
2013,5,m,21.72,203,131,161.83,-0.5089,2.799695019
2013,5,m,22.86,203,131,161.83,-0.5089,2.799695019
2013,5,m,23.75,189,131,161.83,-0.5089,2.799695019
2013,5,m,22.61,189,131,161.83,-0.5089,2.799695019
2013,5,m,23.61,189,131,161.83,-0.5089,2.799695019
2013,5,m,23.11,189,131,161.83,-0.5089,2.799695019
2013,5,m,23.72,189,131,161.83,-0.5089,2.799695019
2013,5,m,24.12,189,131,161.83,-0.5089,2.799695019
2013,5,m,22.43,203,131,161.83,-0.5089,2.799695019
2013,5,m,22.31,203,131,161.83,-0.5089,2.799695019
2013,5,m,23.66,210,131,161.83,-0.5089,2.799695019
2013,5,m,22.99,196,131,161.83,-0.5089,2.799695019
2013,5,m,22.2,189,131,161.83,-0.5089,2.799695019
2013,5,m,21.89,189,131,161.83,-0.5089,2.799695019
2013,5,m,23.51,203,131,161.83,-0.5089,2.799695019
2013,5,m,22.41,203,131,161.83,-0.5089,2.799695019
2013,5,m,23.5,203,131,161.83,-0.5089,2.799695019
2013,5,m,23.82,203,131,161.83,-0.5089,2.799695019
2013,7,f,22.75,196,131,161.83,-0.5089,2.799695019
2013,7,f,25.4,196,131,161.83,-0.5089,2.799695019
2013,7,f,21.53,196,131,161.83,-0.5089,2.799695019
2013,7,f,22.42,210,131,161.83,-0.5089,2.799695019
2013,7,f,23.6,203,131,161.83,-0.5089,2.799695019
2013,7,f,24.66,196,131,161.83,-0.5089,2.799695019
2013,7,f,24.32,196,131,161.83,-0.5089,2.799695019
2013,7,f,23.43,189,131,161.83,-0.5089,2.799695019
2013,7,m,24.33,196,131,161.83,-0.5089,2.799695019
2013,7,m,23.74,196,131,161.83,-0.5089,2.799695019
2013,7,m,22.28,210,131,161.83,-0.5089,2.799695019
2013,7,m,22.85,196,131,161.83,-0.5089,2.799695019
2013,7,m,20.13,196,131,161.83,-0.5089,2.799695019
2013,7,m,22.38,203,131,161.83,-0.5089,2.799695019
2013,7,m,22.55,203,131,161.83,-0.5089,2.799695019
2013,7,m,22.47,210,131,161.83,-0.5089,2.799695019
2013,7,m,21.14,196,131,161.83,-0.5089,2.799695019
2013,7,m,22.77,196,131,161.83,-0.5089,2.799695019
2013,7,m,23.19,217,131,161.83,-0.5089,2.799695019
2013,7,m,23.57,189,131,161.83,-0.5089,2.799695019
2013,7,m,24.35,189,131,161.83,-0.5089,2.799695019