Nest,Egg_Number,Egg_ID,Hatched,Nest_Fate,Mass,Length,Width,Lay_Date
6002,1,6002-1,1,Active,34.4,51.4,35.2,
6002,2,6002-2,1,Active,34.1,49.4,36.3,
6002,3,6002-3,1,Active,35.2,49.5,36.2,
6002,4,6002-4,1,Active,35,48.4,36.2,
6002,5,6002-5,1,Active,35.1,49.2,36,5/5/06
6002,6,6002-6,1,Active,35.1,49.1,36.1,5/6/06
6002,7,6002-7,1,Active,34.2,49.6,36,5/7/06
6002,8,6002-8,1,Active,34.3,48.9,35.8,5/8/06
6002,9,6002-9,1,Active,33.5,48.4,35.6,5/9/06
6002,10,6002-10,1,Active,33.3,49.3,34.9,5/10/06
6002,P1,6002-P1,1,Active,31.2,49,34.2,5/5/06
6003,1,6003-1,1,Active,21.7,45.6,29.2,
6003,2,6003-2,1,Active,24.3,46.8,30.7,
6003,3,6003-3,1,Active,26.3,47.4,32.1,
6003,4,6003-4,1,Active,26,46.7,31.8,
6003,5,6003-5,1,Active,24.9,46.6,31.5,5/5/06
6003,6,6003-6,1,Active,26.2,47.7,31.9,5/6/06
6003,7,6003-7,1,Active,25.3,46.4,31.7,5/7/06
6003,8,6003-8,1,Active,25.7,46.6,31.4,5/8/06
6003,9,6003-9,1,Active,25.2,47.5,30.6,5/9/06
6003,P1,6003-P1,1,Active,29.3,47.4,33.5,5/13/06
6003,P2,6003-P2,1,Active,29.8,48.4,33.7,5/14/06
6003,P3,6003-P3,1,Active,28.6,47.5,33.3,5/15/06
6004,1,6004-1,1,Active,30.8,46,35.5,5/4/06
6004,2,6004-2,1,Active,31.8,46.5,35.6,5/5/06
6004,3,6004-3,1,Active,31.8,47.2,35.6,5/6/06
6004,4,6004-4,1,Active,32.9,48.1,36,5/7/06
6004,5,6004-5,1,Active,32.2,47,35.6,5/8/06
6004,6,6004-6,1,Active,32.5,48.3,35.5,5/9/06
6004,7,6004-7,1,Active,30.4,48.2,34.7,5/10/06
6004,8,6004-8,1,Active,29.9,47.2,34.6,5/11/06
6004,P1,6004-P1,1,Active,28.6,46,33.8,5/5/06
6004,P2,6004-P2,1,Active,30.7,48.7,34.1,5/6/06
6004,P3,6004-P3,1,Active,30.7,50.4,34.1,5/7/06
6005,1,6005-1,1,Failed,33.4,49,35.2,
6005,2,6005-2,1,Failed,31.7,49.7,34.1,
6006,1,6006-1,1,Active,31.1,48,34.4,
6006,2,6006-2,1,Active,28.4,45.7,33.7,
6006,3,6006-3,1,Active,29,46.6,33.9,5/6/06
6006,4,6006-4,1,Active,29.1,47.8,33.7,5/7/06
6006,5,6006-5,1,Active,27.1,46.3,32.9,5/8/06
6006,6,6006-6,0,Active,26.5,45.6,32.8,
6006,6,6006-6,1,Active,26.8,46.1,33,5/9/06
6006,7,6006-7,1,Active,26.3,46.2,32.2,5/10/06
6006,P1,6006-P1,1,Active,31.5,49.6,34.4,5/8/06
6006,P2,6006-P2,1,Active,32.4,49.8,34.3,5/9/06
6006,P3,6006-P3,1,Active,31.3,48.5,34.2,5/10/06
6006,P4,6006-P4,1,Active,32,49.9,33.4,5/11/06
6006,P5,6006-P5,1,Active,30.6,49,34,5/12/06
6006,P6,6006-P6,1,Active,26.2,45.5,32.2,5/13/06
6006,P7,6006-P7,1,Active,27.9,48.3,33,5/30/06
6007,1,6007-1,0,Failed,26.9,46.1,32.9,5/5/06
6007,P1,6007-P1,0,Failed,28.7,47.7,33.1,
6008,1,6008-1,0,Failed,34.8,51.6,35.4,5/5/06
6008.1,1,6008.1-1,0,Failed,32.4,49.2,34.6,5/7/06
6009,1,6009-1,0,Failed,32.2,49.6,34.4,5/5/06
6011,1,6011-1,0,Failed,20.1,48.8,34.3,
6011,2,6011-2,0,Failed,18.6,47.4,33.6,
6011,3,6011-3,0,Failed,33.3,50.9,35,5/7/06
6011,4,6011-4,0,Failed,33.5,51,35.3,5/8/06
6011,5,6011-5,0,Failed,33,49.6,34.9,5/9/06
6011,6,6011-6,0,Failed,33.4,50.5,35,5/10/06
6012,1,6012-1,1,Active,31.4,50.6,34.4,5/6/06
6012,2,6012-2,1,Active,29.8,50.4,33.3,5/7/06
6012,3,6012-3,1,Active,27.4,48.1,32.6,5/8/06
6012,4,6012-4,1,Active,29.8,48.8,33.6,5/9/06
6012,5,6012-5,1,Active,29.9,48.8,33.7,5/10/06
6012,6,6012-6,1,Active,31,50.1,34,5/11/06
6012,7,6012-7,1,Active,31.6,50.8,34,5/12/06
6012,8,6012-8,1,Active,27.4,47.2,32.8,5/13/06
6012,9,6012-9,1,Active,27.7,48,33,5/14/06
6012,10,6012-10,1,Active,27.5,48.9,32.5,5/15/06
6012,11,6012-11,1,Active,28.5,50.2,32.6,5/16/06
6012,12,6012-12,1,Active,28.7,50.4,33,5/17/06
6012,13,6012-13,1,Active,27.7,49.5,32.5,5/18/06
6012,P1,6012-P1,1,Active,28.8,48.5,33.4,
6013,1,6013-1,0,Failed,32.7,49.9,35.4,5/6/06
6015,1,6015-1,0,Failed,30.6,49.6,34.3,5/7/06
6015,2,6015-2,0,Failed,30.6,50,33.7,5/8/06
6015,P1,6015-P1,0,Failed,32.8,49.7,34.4,5/7/06
6017,1,6017-1,1,Active,31.6,50,34,
6017,2,6017-2,1,Active,30,50.5,32.7,
6017,3,6017-3,1,Active,31.4,50.4,34,5/8/06
6017,4,6017-4,1,Active,30,48.1,33.3,5/9/06
6017,5,6017-5,1,Active,30.7,49.9,33.6,5/10/06
6017,6,6017-6,1,Active,30.2,49.5,33.2,5/11/06
6017,7,6017-7,1,Active,30.7,49.5,33.6,5/12/06
6017,8,6017-8,1,Active,35.8,48.3,33.3,5/13/06
6017,9,6017-9,1,Active,29.5,49.1,33.4,5/14/06
6017,10,6017-10,1,Active,28.8,48.5,33.2,5/15/06
6017,P1,6017-P1,1,Active,27.2,47.9,32.2,5/16/06
6018,1,6018-1,1,Unobserved,31.3,48.1,34.3,
6018,2,6018-2,1,Unobserved,29.6,47.3,33.8,
6018,3,6018-3,1,Unobserved,32.5,49,34.7,5/8/06
6018,4,6018-4,1,Unobserved,33,48,35.1,5/9/06
6018,5,6018-5,1,Unobserved,32.2,48.7,34.7,5/10/06
6018,6,6018-6,1,Unobserved,32.9,47.7,35.2,5/11/06
6018,7,6018-7,1,Unobserved,33.2,48.3,35,5/12/06
6018,8,6018-8,1,Unobserved,31.2,47.8,34.4,5/13/06
6018,9,6018-9,1,Unobserved,,48.4,34.4,5/14/06
6018,10,6018-10,1,Unobserved,32.2,49.4,34.5,5/15/06
6018,P1,6018-P1,1,Unobserved,20.4,47.7,35.1,5/21/06
6018,P2,6018-P2,1,Unobserved,33,49,35,5/24/06
6018,P3,6018-P3,1,Unobserved,31.2,46.5,34.6,5/24/06
6018,P4,6018-P4,1,Unobserved,32.1,49.1,34.3,5/24/06
6018,P5,6018-P5,1,Unobserved,31.5,48.5,34.5,
6018,P6,6018-P6,1,Unobserved,,48.2,34.3,
6018,P7,6018-P7,1,Unobserved,31.3,49.4,33.8,5/27/06
6018,P8,6018-P8,1,Unobserved,29.2,49.3,33.4,
6019,1,6019-1,1,Active,26.8,46.7,32.6,5/8/06
6019,2,6019-2,1,Active,27.9,46.3,33.4,5/9/06
6019,3,6019-3,1,Active,28.4,38.5,32.9,5/10/06
6019,4,6019-4,1,Active,28.8,47.9,33.6,5/11/06
6019,5,6019-5,1,Active,28.1,48.7,32.4,5/12/06
6019,6,6019-6,1,Active,25.6,46.2,32,5/13/06
6019,7,6019-7,1,Active,26.1,46.8,32.3,5/14/06
6019,8,6019-8,1,Active,26.6,46.3,32.4,5/15/06
6019,9,6019-9,1,Active,25.8,45.3,32.4,5/16/06
6019,1*,6019-1*,1,Active,20.3,45.2,32.2,5/7/06
6020,1,6020-1,1,Active,30.2,49.4,33.2,5/8/06
6020,2,6020-2,1,Active,27.1,46.8,32.8,5/9/06
6020,3,6020-3,1,Active,28.4,47.7,33.2,5/10/06
6020,4,6020-4,1,Active,28.2,47.4,33,5/11/06
6020,5,6020-5,1,Active,28.2,48.3,32.9,5/12/06
6020,6,6020-6,1,Active,27.5,47.4,32.8,5/13/06
6020,7,6020-7,1,Active,27.9,47.5,32.8,5/14/06
6020,8,6020-8,1,Active,28,47.9,33.2,5/15/06
6020,9,6020-9,1,Active,,48.7,32.9,5/16/06
6020,10,6020-10,1,Active,28.2,49,32.7,5/17/06
6020,P1,6020-P1,1,Active,31.6,50.6,34.2,5/24/06
6020,P2,6020-P2,1,Active,27.7,46.5,33,5/25/06
6021,1,6021-1,1,Unobserved,29,51.1,32.9,5/8/06
6021,2,6021-2,1,Unobserved,29.3,49.7,33.6,5/9/06
6021,3,6021-3,1,Unobserved,31.3,51.1,34.2,5/10/06
6021,4,6021-4,1,Unobserved,32.3,52.5,34.1,5/11/06
6021,5,6021-5,1,Unobserved,32.1,51.8,34.2,5/12/06
6021,6,6021-6,1,Unobserved,32.2,51.6,34.5,5/13/06
6021,7,6021-7,1,Unobserved,31.5,51.4,34,5/14/06
6021,8,6021-8,1,Unobserved,31.8,51,34.5,5/15/06
6021,9,6021-9,1,Unobserved,31.3,51.3,33.8,5/16/06
6022,1,6022-1,0,Failed,29.3,49.7,33.1,5/8/06
6022,2,6022-2,0,Failed,28.8,48,33.6,
6022,3,6022-3,0,Failed,27.4,46.2,33.2,
6022,4,6022-4,0,Failed,29.1,48,33.8,5/11/06
6022,5,6022-5,0,Failed,30.4,48.5,34.4,5/12/06
6022,6,6022-6,0,Failed,31.3,49.8,34.3,5/13/06
6022,7,6022-7,0,Failed,30.1,46.7,34.4,5/14/06
6022.1,1,6022.1-1,1,Active,31.5,48,34.3,5/17/06
6022.1,2,6022.1-2,1,Active,32.2,49.1,34.8,5/18/06
6022.1,3,6022.1-3,1,Active,31.8,51.6,33.9,5/19/06
6022.1,4,6022.1-4,1,Active,29.2,47.5,33.6,5/21/06
6022.1,5,6022.1-5,1,Active,30.4,47.2,34.5,5/22/06
6022.1,6,6022.1-6,1,Active,31,48.6,34.3,5/23/06
6022.1,7,6022.1-7,1,Active,30.9,48,34.4,5/24/06
6022.1,8,6022.1-8,1,Active,31.6,50.4,34.2,5/25/06
6022.1,9,6022.1-9,1,Active,32.2,50.4,34.9,5/26/06
6022.1,10,6022.1-10,1,Active,33.2,52,34.5,5/27/06
6023,1,6023-1,0,Failed,29.6,48,34.2,5/8/06
6023.1,1,6023.1-1,0,Failed,31.3,48.9,34.3,
6023.1,2,6023.1-2,0,Failed,31.3,48.2,34.6,
6023.1,3,6023.1-3,0,Failed,31.3,47.9,34.7,
6023.1,4,6023.1-4,0,Failed,31,50.2,33.9,
6023.1,5,6023.1-5,0,Failed,30.9,48.4,34.3,
6023.1,6,6023.1-6,0,Failed,30.7,48.7,34.2,
6023.1,7,6023.1-7,0,Failed,31.5,49.2,34.6,
6023.1,8,6023.1-8,0,Failed,31.5,48.3,34.8,5/19/06
6023.1,9,6023.1-9,0,Failed,31.1,48.4,34.3,5/20/06
6023.1,10,6023.1-10,0,Failed,31.4,50,34.1,5/21/06
6023.2,1,6023.2-1,1,Active,,49.9,34.4,
6023.2,2,6023.2-2,1,Active,,49.4,34.1,
6023.2,3,6023.2-3,1,Active,,51,34.4,
6023.2,4,6023.2-4,1,Active,,50.4,34,
6023.2,5,6023.2-5,1,Active,,50.6,34.2,
6023.2,6,6023.2-6,1,Active,,49.5,33.9,
6023.2,7,6023.2-7,1,Active,30.1,50.4,33.7,6/4/06
6024,1,6024-1,1,Failed,34.6,49.8,35.9,
6024,2,6024-2,1,Failed,29.4,45.1,34.1,
6024,3,6024-3,1,Failed,32.6,47.7,35.6,
6025,1,6025-1,1,Active,29.1,49.4,33.4,5/8/06
6025,2,6025-2,1,Active,29.4,47.8,33.4,5/9/06
6025,3,6025-3,1,Active,31.6,49.4,34.1,5/10/06
6025,4,6025-4,1,Active,30.6,48.5,33.9,5/11/06
6025,5,6025-5,1,Active,30.9,50.3,33.9,5/12/06
6025,6,6025-6,1,Active,30.9,49.8,34.1,5/13/06
6025,7,6025-7,1,Active,36.4,49.5,33.8,5/14/06
6025,8,6025-8,1,Active,30.4,49.9,33.1,5/16/06
6025,9,6025-9,1,Active,28.8,47.6,33,5/17/06
6025,10,6025-10,1,Active,29.8,49.7,33.1,5/18/06
6025,11,6025-11,1,Active,29.3,49.6,33.1,5/19/06
6025,12,6025-12,1,Active,29.8,49.1,33.3,5/20/06
6025,13,6025-13,1,Active,28,47.7,33,5/21/06
6025,P1,6025-P1,1,Active,32.5,49.1,34.7,5/10/06
6025,P2,6025-P2,1,Active,32.2,49.1,34.8,5/11/06
6026,1,6026-1,1,Active,29,46.9,33.7,5/8/06
6026,2,6026-2,1,Active,29.9,46.9,34,5/9/06
6026,3,6026-3,1,Active,30.2,47.3,34.4,5/10/06
6026,4,6026-4,1,Active,31.6,48,35.1,5/11/06
6026,5,6026-5,1,Active,31.9,48.8,35.1,5/12/06
6026,6,6026-6,1,Active,28.8,46.2,34,5/13/06
6026,7,6026-7,1,Active,28.8,46.2,34.1,5/14/06
6026,8,6026-8,1,Active,26.4,45.4,33,5/15/06
6026,9,6026-9,1,Active,27.8,46.1,33.3,5/16/06
6027,1,6027-1,0,Failed,28.3,49.2,32.6,5/8/06
6027,2,6027-2,0,Failed,28.4,49.4,32,5/9/06
6027,3,6027-3,0,Failed,30.6,50.1,33.8,5/10/06
6027,4,6027-4,0,Failed,31.6,51.3,32,5/11/06
6027,5,6027-5,0,Failed,30.9,51.2,33.6,5/12/06
6027,6,6027-6,0,Failed,30.4,49.1,33.9,5/13/06
6027,7,6027-7,0,Failed,,50.6,34,5/14/06
6027,8,6027-8,0,Failed,31.1,50.9,33.9,5/15/06
6027,9,6027-9,0,Failed,31.8,51.3,33.8,5/16/06
6027,10,6027-10,0,Failed,31,50.5,33.3,5/17/06
6028,1,6028-1,1,Active,36.7,46.9,35,5/8/06
6028,2,6028-2,1,Active,31.3,46.2,35.1,5/9/06
6028,3,6028-3,1,Active,30.4,49.1,34.7,5/10/06
6028,4,6028-4,1,Active,31.2,48.5,34.7,5/11/06
6028,5,6028-5,1,Active,32,48.3,34.9,5/12/06
6028,6,6028-6,1,Active,31.5,47.9,34.9,5/13/06
6028,7,6028-7,1,Active,30.4,47.8,33.7,5/14/06
6029,1,6029-1,0,Failed,32.5,49.3,34.6,5/9/06
6029,2,6029-2,0,Failed,31.8,48.8,34.4,5/10/06
6029,3,6029-3,0,Failed,33.6,50.9,34.7,5/11/06
6029,4,6029-4,0,Failed,34.6,50.8,35.4,5/12/06
6029,5,6029-5,0,Failed,33.9,50.5,35,5/13/06
6029.1,1,6029.1-1,1,Active,32.8,49.5,34.8,5/17/06
6029.1,2,6029.1-2,1,Active,33.6,50.6,35,5/18/06
6029.1,3,6029.1-3,1,Active,33.4,50.1,34.9,5/19/06
6029.1,4,6029.1-4,1,Active,31.1,48.9,34,5/21/06
6029.1,5,6029.1-5,1,Active,31.7,49.6,34.4,5/22/06
6029.1,6,6029.1-6,1,Active,32.4,49.9,34.7,5/23/06
6029.1,7,6029.1-7,1,Active,32.1,49.8,34.4,5/24/06
6029.1,8,6029.1-8,1,Active,31.2,48.8,34.2,5/25/06
6029.1,9,6029.1-9,1,Active,33.4,50,35.6,5/26/06
6030,1,6030-1,1,Active,34.5,53.3,34.8,5/9/06
6030,2,6030-2,1,Active,35.6,53.3,35,5/10/06
6030,3,6030-3,1,Active,35,51.6,35.4,5/11/06
6030,4,6030-4,1,Active,36.4,53,35.6,5/12/06
6030,5,6030-5,1,Active,35.9,52.4,35.3,5/13/06
6030,6,6030-6,1,Active,36.3,52.2,35.4,5/14/06
6030,7,6030-7,1,Active,34.5,52.2,34.9,5/15/06
6030,8,6030-8,1,Active,35,53.1,34.5,5/16/06
6030,9,6030-9,1,Active,34.8,52.8,34.7,5/17/06
6030,10,6030-10,1,Active,33.6,52.9,34.5,5/18/06
6030,11,6030-11,1,Active,34,53.2,34.2,5/19/06
6030,12,6030-12,1,Active,30.9,51.2,33.3,5/20/06
6031,1,6031-1,1,Active,34.5,52.3,34.8,5/9/06
6031,2,6031-2,1,Active,33.1,49.9,35.6,5/10/06
6031,3,6031-3,1,Active,33.8,50.5,35.4,5/11/06
6031,4,6031-4,1,Active,32.3,49.5,35.4,5/12/06
6031,5,6031-5,1,Active,32.7,49.9,35.2,5/13/06
6031,6,6031-6,1,Active,32.8,49.5,35,5/14/06
6031,7,6031-7,1,Active,31.9,49.5,34.8,5/15/06
6031,8,6031-8,1,Active,31.5,49.8,34.7,5/16/06
6031,9,6031-9,1,Active,32.8,49.5,35,5/17/06
6031,10,6031-10,1,Active,32.6,49,34.9,5/18/06
6031,11,6031-11,1,Active,31.8,50.1,34.4,5/19/06
6032,1,6032-1,1,Active,30.6,49.8,33.6,5/9/06
6032,2,6032-2,1,Active,30.3,48.7,33.9,5/10/06
6032,3,6032-3,1,Active,29.9,48.6,33.6,5/11/06
6032,4,6032-4,1,Active,30.5,48.8,33.9,5/12/06
6032,5,6032-5,1,Active,33.9,47.5,33.4,5/13/06
6032,6,6032-6,1,Active,28.7,47.4,33.7,5/14/06
6032,7,6032-7,1,Active,28.5,47.6,33.3,5/15/06
6032,9,6032-9,1,Active,27.4,47,32.8,5/17/06
6032,10,6032-10,1,Active,32.3,46.2,31.8,5/18/06
6033,1,6033-1,1,Failed,34.2,50.8,35.3,
6033,2,6033-2,1,Failed,34.6,49.8,35.6,
6033,3,6033-3,1,Failed,35,50.5,35.8,
6034,1,6034-1,1,Active,28.3,46.8,33.5,
6034,2,6034-2,1,Active,26.3,45.2,32.9,
6034,3,6034-3,1,Active,30,47.2,34.5,5/11/06
6034,4,6034-4,1,Active,29.3,46.7,33.9,
6034,5,6034-5,1,Active,29.7,48.2,33.6,
6034,6,6034-6,1,Active,31.4,48.9,34.7,5/14/06
6034,7,6034-7,1,Active,28.8,47.5,33.5,5/15/06
6034,8,6034-8,1,Active,29.2,46.8,33.7,5/17/06
6034,9,6034-9,1,Active,29.3,48.7,33.5,5/18/06
6034,10,6034-10,1,Active,29.2,47.8,33.6,5/19/06
6034,11,6034-11,1,Active,29.3,,,
6034,12,6034-12,1,Active,29.6,49.1,33.3,
6034,13,6034-13,1,Active,28.4,49.7,32.6,
6034,14,6034-14,1,Active,28.5,48.5,33.5,
6034,15,6034-15,1,Active,26.5,47,32.4,5/24/06
6034,P1,6034-P1,1,Active,29.1,50.8,32.2,
6035,1,6035-1,0,Failed,27.1,49.4,31.6,
6035,2,6035-2,0,Failed,,,,
6035,3,6035-3,0,Failed,,,,
6035.1,1,6035.1-1,0,Failed,31.4,50.6,33.8,
6035.1,2,6035.1-2,0,Failed,31.7,49.8,34.3,
6035.2,1,6035.2-1,0,Failed,30.6,49.6,33.5,
6035.2,2,6035.2-2,0,Failed,,,,
6036,1,6036-1,0,Unobserved,29.7,48.4,33.7,
6036,2,6036-2,0,Unobserved,30.7,50.6,33.5,
6037,1,6037-1,1,Unobserved,30.9,50.5,34.2,
6037,2,6037-2,1,Unobserved,30.5,50.5,34,
6037,3,6037-3,1,Unobserved,29.3,48.8,34,
6037,4,6037-4,1,Unobserved,30.6,49.9,34.4,
6037,5,6037-5,1,Unobserved,,47.2,34.1,5/11/06
6037,6,6037-6,1,Unobserved,29.3,48.1,33.6,5/12/06
6037,7,6037-7,1,Unobserved,29.6,49.1,33.9,5/13/06
6037,8,6037-8,1,Unobserved,29.5,49.2,33.4,5/14/06
6037,9,6037-9,1,Unobserved,29.3,49.5,33.4,5/16/06
6037,10,6037-10,1,Unobserved,25.8,47.6,31.8,5/17/06
6037,11,6037-11,1,Unobserved,26.1,47,32.2,5/18/06
6037,12,6037-12,1,Unobserved,28.1,49.1,33.2,5/19/06
6038,1,6038-1,1,Active,30.6,48.3,34,
6038,2,6038-2,1,Active,28.8,46.6,34,
6038,3,6038-3,1,Active,30.9,47.2,34.3,5/11/06
6038,4,6038-4,1,Active,30.9,47.4,34.6,5/12/06
6038,5,6038-5,1,Active,31.3,48,34.3,5/13/06
6038,6,6038-6,1,Active,31,49.1,33.8,5/14/06
6038,7,6038-7,1,Active,30.4,48.5,34.1,5/15/06
6038,8,6038-8,1,Active,29.9,47.9,33.2,5/17/06
6038,9,6038-9,1,Active,30,46.9,33.8,5/18/06
6038,10,6038-10,1,Active,30.5,48.3,34,5/19/06
6038,11,6038-11,1,Active,29.8,46.4,33.9,5/20/06
6039,1,6039-1,1,Active,33.3,50.9,34.7,
6039,2,6039-2,1,Active,31.6,50.4,34.1,
6039,3,6039-3,1,Active,33.4,50.2,35.4,
6039,4,6039-4,1,Active,31.8,50.6,34.3,
6039,5,6039-5,1,Active,32.4,51,34.1,5/11/06
6039,6,6039-6,1,Active,32.7,50.9,34.4,5/12/06
6039,7,6039-7,1,Active,32.5,50.1,34.6,5/13/06
6039,8,6039-8,1,Active,31.9,49.6,34,5/14/06
6039,9,6039-9,1,Active,31,50.2,33.8,5/15/06
6039,10,6039-10,1,Active,,,,
6040,1,6040-1,0,Failed,35.3,51.2,35.6,
6040,2,6040-2,0,Failed,36.3,51.5,35.8,
6040,3,6040-3,0,Failed,34,51.9,35.6,
6041,1,6041-1,1,Active,28.1,47.2,33.2,5/10/06
6041,2,6041-2,1,Active,29.4,49.9,32.6,5/11/06
6041,3,6041-3,1,Active,30.4,50.6,33.3,5/12/06
6041,4,6041-4,1,Active,30.7,50.2,33.6,5/14/06
6041,P1,6041-P1,1,Active,21.8,44.3,30,5/21/06
6041,P2,6041-P2,1,Active,27.4,46.2,32.8,5/20/06
6041,P3,6041-P3,1,Active,27.5,47.7,32.6,5/22/06
6046,1,6046-1,1,Unobserved,30.2,49.2,33.4,5/10/06
6046,2,6046-2,1,Unobserved,30.4,48.4,34,5/11/06
6046,3,6046-3,1,Unobserved,31.5,49.2,34.3,5/13/06
6046,4,6046-4,1,Unobserved,31.6,51.8,33.9,5/14/06
6046,5,6046-5,1,Unobserved,30.7,49,33.7,5/15/06
6046,6,6046-6,1,Unobserved,30.3,48.8,34.4,5/16/06
6046,7,6046-7,1,Unobserved,31,49.1,34.3,5/17/06
6046,8,6046-8,1,Unobserved,30.9,48.5,34.5,5/18/06
6046,9,6046-9,1,Unobserved,31.5,49.3,34.4,5/19/06
6046,10,6046-10,1,Unobserved,30.5,48.6,34.4,5/20/06
6047,1,6047-1,1,Active,30.9,49.5,34.2,
6047,3,6047-3,1,Active,30.9,49.1,34.2,
6047,4,6047-4,1,Active,31.6,50.6,34.4,
6047,6,6047-6,1,Active,29.9,49.5,33.4,5/11/06
6047,7,6047-7,1,Active,30.2,49.3,33.8,5/12/06
6047,9,6047-9,1,Active,28.3,47.5,32.9,5/14/06
6047,10,6047-10,1,Active,29.6,47.8,33.7,5/15/06
6047,11,6047-11,1,Active,28.2,49.5,33.4,5/16/06
6047,12,6047-12,1,Active,28.4,49,32.8,5/17/06
6047,13,6047-13,1,Active,29.1,49.8,33.2,5/18/06
6047,14,6047-14,1,Active,28.3,49.2,33,5/19/06
6047,15,6047-15,1,Active,27.7,49.7,32,5/20/06
6047,P1,6047-P1,1,Active,29.5,50,33.3,
6047,P2,6047-P2,1,Active,31.5,49.3,34.4,
6051,1,6051-1,0,Failed,33.9,49.6,35.5,5/10/06
6052,1,6052-1,0,Failed,25.9,45.2,32.5,
6052,2,6052-2,0,Failed,38.4,51.5,33.3,
6053,1,6053-1,1,Unobserved,31.3,48.9,34.1,5/11/06
6053,2,6053-2,1,Unobserved,32,47.7,35.2,5/12/06
6053,3,6053-3,1,Unobserved,32.8,47.3,35.5,5/13/06
6053,4,6053-4,1,Unobserved,,48.9,34.2,5/14/06
6053,5,6053-5,1,Unobserved,32.2,47.4,35.3,5/15/06
6053,6,6053-6,1,Unobserved,31.8,47.7,35,5/16/06
6053,7,6053-7,1,Unobserved,32,48,34.9,5/17/06
6053,8,6053-8,1,Unobserved,31.2,48.5,34.5,5/18/06
6053,9,6053-9,1,Unobserved,31.2,47.7,34.8,5/19/06
6054,1,6054-1,1,Unobserved,33.8,48.6,35.4,5/11/06
6054,2,6054-2,1,Unobserved,34.4,49.5,35.3,5/12/06
6054,3,6054-3,1,Unobserved,33.8,49.2,35.6,5/13/06
6054,4,6054-4,1,Unobserved,35.5,49.8,35.9,5/14/06
6054,5,6054-5,1,Unobserved,35.5,50.7,35.7,5/15/06
6054,6,6054-6,1,Unobserved,35.6,50.7,35.9,5/16/06
6054,7,6054-7,1,Unobserved,36.1,51.4,36.5,5/17/06
6054,8,6054-8,1,Unobserved,35.9,50.3,36.1,5/18/06
6054,9,6054-9,1,Unobserved,34.2,51,35.6,5/19/06
6054,10,6054-10,1,Unobserved,34,49.5,35.5,5/20/06
6055,1,6055-1,0,Failed,26.5,47,31.9,5/11/06
6055,2,6055-2,0,Failed,27.7,47.5,32.8,5/12/06
6055,3,6055-3,0,Failed,,46.5,32.4,
6055,4,6055-4,0,Failed,,46.8,32.5,
6055,5,6055-5,0,Failed,,47.5,32.9,
6055,6,6055-6,0,Failed,,46.5,32.8,
6055,7,6055-7,0,Failed,,45.5,32.5,
6055,8,6055-8,0,Failed,,46.6,32.5,
6056,1,6056-1,1,Active,33.9,51.6,35,
6056,2,6056-2,1,Active,31.9,48.9,34.6,
6056,3,6056-3,1,Active,35.5,52.8,35.4,5/12/06
6056,4,6056-4,1,Active,,51,35.2,
6056,5,6056-5,1,Active,,52.1,35.6,
6056,6,6056-6,1,Active,,51.8,35.6,
6056,7,6056-7,1,Active,,51.5,35.3,
6056,8,6056-8,1,Active,,51.1,34.7,
6056,9,6056-9,1,Active,,51.4,34.2,
6057,1,6057-1,1,Active,35.1,53.1,34.9,
6057,2,6057-2,1,Active,30.9,51.4,33.2,
6057,3,6057-3,1,Active,,53.3,34.2,
6057,4,6057-4,1,Active,,52.5,35.8,
6057,5,6057-5,1,Active,,53.3,34.8,
6057,6,6057-6,1,Active,,52.7,35,
6057,7,6057-7,1,Active,,52.9,35.1,
6057,8,6057-8,1,Active,,53,35.4,
6057,9,6057-9,1,Active,,53.8,34.7,
6057,10,6057-10,1,Active,,53.4,35.3,
6057,11,6057-11,1,Active,,54.9,34.8,
6058,1,6058-1,1,Active,30.7,49.7,33.5,5/11/06
6058,2,6058-2,1,Active,31.3,50.6,30.2,
6058,3,6058-3,1,Active,,47.1,33.6,
6058,4,6058-4,1,Active,,47.6,34,
6058,5,6058-5,1,Active,,46.8,33.7,
6058,6,6058-6,1,Active,,49.5,33.7,
6058,7,6058-7,1,Active,,48.5,34,
6058,8,6058-8,1,Active,,49,34,
6058,9,6058-9,1,Active,,48.8,33.8,
6058,10,6058-10,1,Active,,48.2,33,
6058,11,6058-11,1,Active,,48,33.2,
6059,1,6059-1,1,Active,,48.3,33.9,
6059,2,6059-2,1,Active,,49.8,34.1,
6059,3,6059-3,1,Active,,49.7,34.3,
6059,4,6059-4,1,Active,,50,34.4,
6059,5,6059-5,1,Active,,50.6,33.8,
6059,6,6059-6,1,Active,,50.1,33.4,
6059,7,6059-7,1,Active,,49.6,34,
6059,8,6059-8,1,Active,,49.5,33.9,
6059,9,6059-9,1,Active,,49.1,34.2,
6059,P1,6059-P1,1,Active,,47.3,33,
6060,1,6060-1,1,Failed,,49.4,32.8,
6060,2,6060-2,1,Failed,,49.8,33.4,
6060,3,6060-3,1,Failed,,51.5,33.5,
6060,4,6060-4,1,Failed,,51.2,33.6,
6060,5,6060-5,1,Failed,,48.6,33.6,
6060,6,6060-6,1,Failed,,50.8,33.4,
6061,1,6061-1,1,Unobserved,,51.1,34.5,
6061,2,6061-2,1,Unobserved,,52.4,34.7,
6061,3,6061-3,1,Unobserved,,50.3,34.8,
6061,4,6061-4,1,Unobserved,,51.9,34.7,
6061,5,6061-5,1,Unobserved,,51.8,34.6,5/12/06
6061,6,6061-6,1,Unobserved,,50.7,34.4,5/13/06
6061,7,6061-7,1,Unobserved,31.1,50.9,33.8,5/14/06
6061,8,6061-8,1,Unobserved,30.8,51.8,33.7,5/15/06
6061,9,6061-9,1,Unobserved,,51.1,34,
6062,1,6062-1,1,Unobserved,33.8,50.5,35.7,
6062,2,6062-2,1,Unobserved,35.5,51.6,36.1,
6062,3,6062-3,1,Unobserved,32.2,49.1,35.2,
6062,4,6062-4,1,Unobserved,,51.5,36.6,5/12/06
6062,5,6062-5,1,Unobserved,,49.8,34.7,
6062,6,6062-6,1,Unobserved,,50.5,35,
6062,7,6062-7,1,Unobserved,,52.1,36,
6062,8,6062-8,1,Unobserved,,50.5,34.4,
6062,9,6062-9,1,Unobserved,31.2,52.9,34.3,
6062,10,6062-10,1,Unobserved,31.3,51.2,34.9,
6063,1,6063-1,1,Active,30.5,48.5,34.1,
6063,2,6063-2,1,Active,29.9,48.2,33.8,
6063,3,6063-3,1,Active,,48.8,35.1,5/12/06
6063,4,6063-4,1,Active,,47.1,34,
6063,5,6063-5,1,Active,,47.6,34.1,
6063,6,6063-6,1,Active,,46.1,33.7,
6063,7,6063-7,1,Active,,47.1,33.5,
6063,8,6063-8,1,Active,,48.1,33.1,
6063,9,6063-9,1,Active,,47.9,34.1,
6064,1,6064-1,1,Active,33.3,51.4,34.7,
6064,2,6064-2,1,Active,25.3,44.9,32.3,
6064,3,6064-3,1,Active,30.9,49.6,34.1,
6064,4,6064-4,1,Active,,50.4,35.6,5/12/06
6064,5,6064-5,1,Active,,50.5,34.7,
6064,6,6064-6,1,Active,,51.1,34.9,
6064,7,6064-7,1,Active,,49.8,35.2,
6064,8,6064-8,1,Active,,50.4,34.5,
6064,9,6064-9,1,Active,,50.4,34.7,
6064,10,6064-10,1,Active,,48.6,33.7,
6064,11,6064-11,1,Active,,51.2,34.7,
6064,12,6064-12,1,Active,,50.7,34.2,
6065,1,6065-1,1,Active,32.2,51.9,34.1,
6065,2,6065-2,1,Active,29.3,50.6,32.9,
6065,3,6065-3,1,Active,32.1,51.6,34.5,
6065,4,6065-4,1,Active,,54.4,34.9,5/12/06
6065,5,6065-5,1,Active,32.1,51.5,34.2,
6065,6,6065-6,1,Active,31.8,51.4,33.6,
6065,7,6065-7,1,Active,31.3,51.1,33.7,
6065,8,6065-8,1,Active,,51.5,34,
6065,9,6065-9,1,Active,,51,33.2,
6066,1,6066-1,1,Failed,27.4,47.6,32.9,
6066,2,6066-2,1,Failed,28.5,47.5,33.3,
6066,3,6066-3,1,Failed,25.2,46,31.5,
6066,4,6066-4,1,Failed,,47.8,33.5,5/12/06
6066,5,6066-5,1,Failed,,46.6,33.5,5/13/06
6066,6,6066-6,1,Failed,26.9,46.3,32.6,5/14/06
6066,7,6066-7,1,Failed,26.7,46.7,32.5,5/15/06
6066,8,6066-8,1,Failed,,47.2,32.9,
6066,P1,6066-P1,1,Failed,,,,6/3/06
6066,P2,6066-P2,1,Failed,,,,
6066,P3,6066-P3,1,Failed,,,,6/5/06
6067,1,6067-1,1,Active,,49.3,34.6,
6067,2,6067-2,1,Active,,49.2,34.7,
6067,3,6067-3,1,Active,,48,34.2,
6067,4,6067-4,1,Active,,48.8,34.7,
6067,5,6067-5,1,Active,,48.8,34.4,
6067,6,6067-6,1,Active,,46.3,33.7,
6067,7,6067-7,1,Active,,49.2,34.8,
6067,8,6067-8,1,Active,,49.5,35,5/12/06
6067,9,6067-9,1,Active,,49.4,33.8,5/13/06
6067,10,6067-10,1,Active,29.2,47.8,33.6,5/14/06
6067,P1,6067-P1,1,Active,30,50,33.6,
6067,P2,6067-P2,1,Active,31.5,50.5,34.1,
6067,P3,6067-P3,1,Active,31.3,51,34.1,
6068,1,6068-1,1,Active,,46.7,32.8,
6068,2,6068-2,1,Active,,49.5,33.9,
6068,3,6068-3,1,Active,,47.8,33.9,
6068,4,6068-4,1,Active,,48,33.3,
6068,5,6068-5,1,Active,,48.6,38.4,5/12/06
6068,6,6068-6,1,Active,,47.8,34.4,
6068,7,6068-7,1,Active,,48.7,33.7,
6068,8,6068-8,1,Active,,49.1,34.1,
6068,9,6068-9,1,Active,,48.1,34,
6068,10,6068-10,1,Active,,47.5,33.6,
6069,1,6069-1,1,Active,,51.9,36.2,
6069,2,6069-2,1,Active,,52.3,34.5,
6069,3,6069-3,1,Active,,54.1,35.9,
6069,4,6069-4,1,Active,,53.2,36.4,
6069,5,6069-5,1,Active,,53.7,36.4,5/12/06
6069,6,6069-6,1,Active,,53.2,35.7,
6069,7,6069-7,1,Active,,52.5,36.1,
6069,8,6069-8,1,Active,,51.3,35.1,
6069,9,6069-9,1,Active,,50.7,34.9,
6069,10,6069-10,1,Active,,52.1,34.9,
6070,1,6070-1,0,Failed,30.5,51.2,33,5/11/06
6070,2,6070-2,0,Failed,29.4,50.7,32.2,
6070,3,6070-3,0,Failed,29.6,50.3,32.3,
6070.1,1,6070.1-1,0,Failed,30.6,51.4,33.1,
6070.2,1,6070.2-1,0,Failed,29.7,50.5,32.6,
6070.3,1,6070.3-1,0,Failed,26.8,47.5,32,
6071,1,6071-1,0,Failed,26.9,45,33.2,5/11/06
6071,2,6071-2,0,Failed,30.8,48.1,34.1,5/12/06
6071,3,6071-3,0,Failed,31.2,48.3,34.6,5/13/06
6071,4,6071-4,0,Failed,30.9,48.5,34,5/14/06
6071,5,6071-5,0,Failed,31.2,48,34.7,5/15/06
6071.1,1,6071.1-1,0,Failed,30.8,48.8,34.2,5/16/06
6071.1,2,6071.1-2,0,Failed,32.4,50.6,34.3,5/17/06
6071.1,3,6071.1-3,0,Failed,31.4,48.3,34.3,5/18/06
6071.1,4,6071.1-4,0,Failed,31.5,49.2,34.4,5/19/06
6071.2,1,6071.2-1,0,Failed,30.4,50.1,34.3,
6071.2,2,6071.2-2,0,Failed,30.4,48.9,34.1,
6071.2,3,6071.2-3,0,Failed,27.5,47.1,32.8,
6071.2,4,6071.2-4,0,Failed,30.2,48.5,33.9,
6071.2,P1,6071.2-P1,0,Failed,27.2,48.3,32.7,
6071.2,P2,6071.2-P2,0,Failed,28.1,50.5,32.6,
6071.2,P3,6071.2-P3,0,Failed,28,50.1,32.8,
6072,1,6072-1,1,Active,29.8,48.7,33.6,5/11/06
6072,2,6072-2,1,Active,30,50,33.3,5/12/06
6072,3,6072-3,1,Active,31.3,49.9,34,5/13/06
6072,4,6072-4,1,Active,31.1,50.5,33.6,5/14/06
6072,5,6072-5,1,Active,30.3,48.6,34,5/15/06
6072,6,6072-6,1,Active,31.2,49.8,34.2,5/16/06
6072,7,6072-7,1,Active,29.8,48.6,33.9,5/17/06
6072,8,6072-8,1,Active,30.4,49.6,33.8,5/18/06
6072,9,6072-9,1,Active,30.3,48.9,33.8,5/19/06
6072,9,6072-9,1,Active,31.9,49.1,34.1,5/13/06
6072,10,6072-10,1,Active,28.6,49.1,32.9,5/20/06
6072,P1,6072-P1,1,Active,26.8,47.8,32.1,5/21/06
6072,P2,6072-P2,1,Active,32,49,34.8,5/23/06
6073,1,6073-1,1,Active,33.5,49.5,35.4,
6073,2,6073-2,1,Active,31.9,48.5,34.5,
6073,3,6073-3,1,Active,32,48.9,34.6,
6073,4,6073-4,1,Active,33.1,49.6,34.8,
6073,5,6073-5,1,Active,32,48.6,34.4,
6073,6,6073-6,1,Active,31,51.1,33.6,
6073,7,6073-7,1,Active,34.1,49.6,35.7,
6073,8,6073-8,1,Active,31.6,49.7,34,5/12/06
6073,9,6073-9,1,Active,,49,34.2,5/13/06
6073,10,6073-10,1,Active,31.2,47.9,34.2,5/14/06
6074,1,6074-1,1,Unobserved,25.1,45.1,32.3,
6074,2,6074-2,1,Unobserved,26,45.6,32.4,
6074,3,6074-3,1,Unobserved,26.6,46,32.7,
6074,4,6074-4,1,Unobserved,26.7,45.7,32.7,5/12/06
6074,5,6074-5,1,Unobserved,28,46.6,33.5,5/13/06
6074,6,6074-6,1,Unobserved,27,45.9,32.7,5/14/06
6074,7,6074-7,1,Unobserved,26.6,45.8,33,5/15/06
6074,8,6074-8,1,Unobserved,27.1,46.3,33,5/16/06
6074,9,6074-9,1,Unobserved,27.4,46.2,33.2,5/17/06
6074,10,6074-10,1,Unobserved,27.4,47.4,32.7,5/18/06
6074,11,6074-11,1,Unobserved,28.2,47.6,33.3,5/19/06
6074,12,6074-12,1,Unobserved,28.1,48.4,32.9,5/20/06
6075,1,6075-1,1,Active,29.4,47.4,33.8,5/11/06
6075,2,6075-2,1,Active,31,48.6,34.3,5/12/06
6075,3,6075-3,1,Active,30.1,49.1,33.6,5/13/06
6075,4,6075-4,1,Active,30.2,48.2,34,5/14/06
6075,5,6075-5,1,Active,30.9,48.2,34.5,5/15/06
6075,6,6075-6,1,Active,31.5,49.1,34.9,5/16/06
6075,7,6075-7,1,Active,29.4,47.5,33.5,5/17/06
6075,8,6075-8,1,Active,30.1,48.9,33.7,5/18/06
6075,9,6075-9,1,Active,29.8,48.6,34.8,5/19/06
6075,10,6075-10,1,Active,30.1,48.5,34,5/20/06
6075,11,6075-11,1,Active,30.6,49.5,33.7,5/21/06
6075,12,6075-12,1,Active,29.5,47.3,34,5/22/06
6076,1,6076-1,0,Failed,37.8,53.1,36.2,5/11/06
6076,2,6076-2,0,Failed,37.6,53,36.2,5/12/06
6076.1,1,6076.1-1,0,Failed,35.7,51.5,35.5,5/14/06
6076.2,1,6076.2-1,0,Failed,35.2,50.1,36.1,5/15/06
6076.3,1,6076.3-1,0,Failed,35.5,52,35.8,
6076.3,2,6076.3-2,0,Failed,35.3,50.5,35.9,
6076.4,1,6076.4-1,0,Failed,34.6,50.5,35.3,
6076.4,2,6076.4-2,0,Failed,35.7,51.7,35.5,
6077,1,6077-1,1,Active,27.9,47.3,33.3,
6077,2,6077-2,1,Active,26.2,45,32.8,
6077,3,6077-3,1,Active,27.9,47.2,33.1,
6077,4,6077-4,1,Active,27.2,47.4,32.7,
6077,5,6077-5,1,Active,28.4,47.3,33.2,5/12/06
6077,6,6077-6,1,Active,29.6,47.3,34.2,5/13/06
6077,7,6077-7,1,Active,28.8,47.8,33.3,5/14/06
6077,8,6077-8,1,Active,29.4,47.3,34.3,5/15/06
6077,9,6077-9,1,Active,,,,5/16/06
6077,10,6077-10,1,Active,27.7,47,33.3,5/17/06
6077,11,6077-11,1,Active,28.8,46.9,33.7,5/18/06
6077,12,6077-12,1,Active,29,46.7,33.8,5/19/06
6077,P1,6077-P1,1,Active,28.1,45.5,33.7,5/21/06
6078,1,6078-1,1,Active,30.9,48.1,33.9,
6078,2,6078-2,1,Active,31.1,37.8,34.4,
6078,3,6078-3,1,Active,31.2,47.6,34.3,5/12/06
6078,4,6078-4,1,Active,32.1,47.7,34.6,5/13/06
6078,5,6078-5,1,Active,31.6,48.5,34.4,5/14/06
6078,6,6078-6,1,Active,32.8,49.1,34.7,5/15/06
6078,7,6078-7,1,Active,,,,5/16/06
6078,8,6078-8,1,Active,32.2,49.5,34.3,5/17/06
6078,9,6078-9,1,Active,31.2,49.3,33.9,5/18/06
6078,10,6078-10,1,Active,31.9,48.4,34.8,5/19/06
6078,11,6078-11,1,Active,30.5,48.9,33.8,5/20/06
6078,12,6078-12,1,Active,30.9,48.9,33.9,5/21/06
6078,P1,6078-P1,1,Active,30.5,49.4,34.2,5/15/06
6078,P2,6078-P2,1,Active,,,,5/16/06
6079,1,6079-1,0,Failed,31.1,49.8,33.8,5/11/06
6080,1,6080-1,0,Failed,32.2,50,34.1,5/11/06
6081,1,6081-1,0,Failed,29.2,51.2,32,5/11/06
6081.1,1,6081.1-1,1,Active,31.3,51.8,33.2,5/13/06
6081.1,2,6081.1-2,1,Active,31.3,52.7,33,5/14/06
6081.1,3,6081.1-3,1,Active,28.7,49.1,33.1,5/17/06
6081.1,4,6081.1-4,1,Active,29.2,49.2,32.8,5/18/06
6081.1,5,6081.1-5,1,Active,27.9,48,32.7,5/19/06
6081.1,6,6081.1-6,1,Active,27.6,47.5,32.3,5/20/06
6081.1,8,6081.1-8,1,Active,28.6,49.4,32.9,5/21/06
6081.1,9,6081.1-9,1,Active,28.2,50.1,32.3,5/22/06
6081.1,10,6081.1-10,1,Active,29,50.7,32.2,5/23/06
6081.1,11,6081.1-11,1,Active,27.4,48.6,31.9,5/24/06
6081.1,P1,6081.1-P1,1,Active,27.1,45.7,32.7,5/16/06
6082,1,6082-1,0,Failed,32.3,49,34.5,
6082,2,6082-2,0,Failed,32.8,48.4,35.3,
6082,3,6082-3,0,Failed,34.4,48.9,35.6,
6082,P1,6082-P1,0,Failed,29.6,48.4,33.6,
6082.1,1,6082.1-1,1,Active,33.1,48,35.6,5/13/06
6082.1,2,6082.1-2,1,Active,32.5,47.1,35.5,5/14/06
6082.1,3,6082.1-3,1,Active,32.2,48,34.6,5/15/06
6082.1,4,6082.1-4,1,Active,32.9,48.4,35.1,5/16/06
6082.1,5,6082.1-5,1,Active,32.4,48.2,35.2,5/17/06
6082.1,6,6082.1-6,1,Active,31.5,47.1,34.8,5/18/06
6082.1,7,6082.1-7,1,Active,32.8,48.8,35,5/19/06
6082.1,8,6082.1-8,1,Active,32.3,48.1,35,5/21/06
6082.1,9,6082.1-9,1,Active,32.5,48.5,35.7,5/22/06
6082.1,10,6082.1-10,1,Active,32.8,49.5,34.8,5/23/06
6082.1,11,6082.1-11,1,Active,29.4,47.8,33.6,5/24/06
6082.1,12,6082.1-12,1,Active,30.7,48,34.2,5/25/06
6083,1,6083-1,1,Active,30.8,50.2,33.8,5/11/06
6083,2,6083-2,1,Active,31.9,50.6,34.7,5/12/06
6083,3,6083-3,1,Active,32,51,33.7,5/13/06
6083,4,6083-4,1,Active,30.7,48.6,33.9,5/14/06
6083,5,6083-5,1,Active,29.8,46.9,34.5,5/15/06
6083,6,6083-6,1,Active,30.7,48.9,34,5/16/06
6083,7,6083-7,1,Active,27.6,48.1,32.5,5/18/06
6083,8,6083-8,1,Active,29,49.6,33.2,5/19/06
6083,9,6083-9,1,Active,29.4,49.3,33.4,5/20/06
6083,10,6083-10,1,Active,31.3,50.5,34.4,5/21/06
6083,11,6083-11,1,Active,30.7,51.9,34.2,5/22/06
6083,12,6083-12,1,Active,30.5,50.3,34,5/23/06
6083,P1,6083-P1,1,Active,29.3,50.5,33.3,5/24/06
6084,1,6084-1,1,Active,27.8,47.1,32.9,
6084,2,6084-2,1,Active,29.5,47.3,34,
6084,3,6084-3,1,Active,30,47.9,34.2,
6084,4,6084-4,1,Active,30.8,48.3,34.4,
6084,5,6084-5,1,Active,31.4,48.2,34.8,5/13/06
6084,6,6084-6,1,Active,29.4,47.1,33.9,5/14/06
6084,7,6084-7,1,Active,29.4,48,33.8,5/15/06
6084,8,6084-8,1,Active,28.3,45.6,33.7,5/16/06
6084,9,6084-9,1,Active,28.4,45.8,33.6,5/17/06
6084,10,6084-10,1,Active,28.3,46.9,33.5,5/18/06
6085,1,6085-1,1,Active,32.2,49.9,34.3,5/11/06
6085,2,6085-2,1,Active,32.2,49.1,34.6,5/12/06
6085,3,6085-3,1,Active,32.4,50.8,34.2,5/13/06
6085,4,6085-4,1,Active,32.8,50.7,34.6,5/14/06
6085,5,6085-5,1,Active,33,51.1,34.3,5/15/06
6085,6,6085-6,1,Active,31.9,49.8,34.2,5/16/06
6085,7,6085-7,1,Active,31.3,49.6,34,5/17/06
6085,8,6085-8,1,Active,31,49.8,33.9,5/18/06
6085,9,6085-9,1,Active,31,49.8,33.7,5/19/06
6085,10,6085-10,1,Active,30.5,49.2,33.9,5/20/06
6086,1,6086-1,1,Active,29.2,50.1,32.8,5/12/06
6086,2,6086-2,1,Active,30.5,49.8,33.8,5/13/06
6086,3,6086-3,1,Active,,50.2,33.4,
6086,4,6086-4,1,Active,,50.1,33.2,
6086,5,6086-5,1,Active,,48.9,33.9,
6086,6,6086-6,1,Active,,49.1,33.8,
6086,7,6086-7,1,Active,,49.8,33.4,
6086,8,6086-8,1,Active,,48.2,32.7,
6086,9,6086-9,1,Active,,48.6,33.5,
6086,10,6086-10,1,Active,,48.2,33,
6087,1,6087-1,1,Active,32.1,50,34.6,5/12/06
6087,2,6087-2,1,Active,33.7,50.6,34.8,5/13/06
6087,3,6087-3,1,Active,,51.3,35.7,
6087,4,6087-4,1,Active,,50.8,35.1,
6087,5,6087-5,1,Active,,50,35,
6087,6,6087-6,1,Active,,51,35,
6087,7,6087-7,1,Active,,48.7,34.8,
6087,8,6087-8,1,Active,,49.7,34.6,
6087,9,6087-9,1,Active,,48.9,34.4,
6088,1,6088-1,1,Active,32.4,48.9,35,
6088,2,6088-2,1,Active,31.3,49.1,34.2,
6088,3,6088-3,1,Active,33.2,51.3,34.6,5/13/06
6088,4,6088-4,1,Active,,49.1,35.3,
6088,5,6088-5,1,Active,,50.5,35,
6089,1,6089-1,1,Unobserved,34.9,50.7,35.8,
6089,2,6089-2,1,Unobserved,34.4,50.7,35.4,
6090,1,6090-1,1,Active,34,50.4,35.7,5/12/06
6090,2,6090-2,1,Active,33.2,49.2,35.4,5/13/06
6090,3,6090-3,1,Active,32.8,48,35.4,5/14/06
6090,4,6090-4,1,Active,33,48.2,35.2,5/15/06
6090,5,6090-5,1,Active,33.1,48.9,35.2,5/16/06
6090,6,6090-6,1,Active,32.6,48.3,35.3,5/17/06
6090,7,6090-7,1,Active,32.7,49,35.3,5/18/06
6090,8,6090-8,1,Active,32.5,48.6,34.9,5/19/06
6090,10,6090-10,1,Active,32,49.3,34.4,5/20/06
6091,1,6091-1,1,Active,30.9,48,33.7,5/12/06
6091,2,6091-2,1,Active,32.3,50.5,34,5/13/06
6091,2,6091-2,1,Active,32.3,50.5,34,5/13/06
6091,3,6091-3,1,Active,32.8,51,34.4,5/14/06
6091,4,6091-4,1,Active,32.1,49.7,34.1,5/15/06
6091,5,6091-5,1,Active,32.1,49.5,34.4,5/16/06
6091,6,6091-6,1,Active,32.2,49.8,34.1,5/17/06
6091,7,6091-7,1,Active,32.6,50.8,34.6,5/18/06
6091,8,6091-8,1,Active,33.3,52,33.7,5/19/06
6091,9,6091-9,1,Active,32.7,52,33.7,5/20/06
6091,10,6091-10,1,Active,32.1,51.1,34.2,5/21/06
6091,11,6091-11,1,Active,32.2,,,
6091,12,6091-12,1,Active,29.8,,,
6092,1,6092-1,1,Active,29.9,49.9,33.1,5/12/06
6092,2,6092-2,1,Active,28.5,48.2,33,5/13/06
6092,3,6092-3,1,Active,30.8,48.7,33.9,5/14/06
6092,4,6092-4,1,Active,32,48.8,34.8,5/15/06
6092,5,6092-5,1,Active,32.5,51.2,34.5,5/16/06
6092,6,6092-6,1,Active,32.9,51,34.2,5/17/06
6092,7,6092-7,1,Active,32.4,52.2,33.7,5/18/06
6092,8,6092-8,1,Active,31.7,49.9,34.4,5/19/06
6092,9,6092-9,1,Active,32.6,50.4,34.6,5/20/06
6092,10,6092-10,1,Active,31.9,50.9,33.7,5/21/06
6092,11,6092-11,1,Active,30.6,49.1,34,5/22/06
6093,1,6093-1,1,Failed,28.7,49.1,32.8,5/12/06
6093,2,6093-2,1,Failed,27.5,48.4,32.6,5/13/06
6093,3,6093-3,1,Failed,28.4,49.8,32.8,5/14/06
6093,4,6093-4,1,Failed,26.4,47.1,32.3,5/15/06
6093,5,6093-5,1,Failed,26.7,48,32.3,5/16/06
6093,6,6093-6,1,Failed,30,48.6,33.6,5/18/06
6093,7,6093-7,1,Failed,28.4,48.2,33.3,5/19/06
6093,8,6093-8,1,Failed,29,48.2,33.5,5/20/06
6093,9,6093-9,1,Failed,28.3,48.7,32.3,5/21/06
6093,10,6093-10,1,Failed,27,47.4,32.3,5/22/06
6093,P1,6093-P1,1,Failed,31.5,47.7,35,5/20/06
6093,P2,6093-P2,1,Failed,32.3,47.9,35.1,5/21/06
6093,P3,6093-P3,1,Failed,32.2,49.6,34.6,5/22/06
6094,1,6094-1,0,Failed,33.8,51,35.3,5/12/06
6094,2,6094-2,0,Failed,33.7,51.1,35.1,5/13/06
6094,3,6094-3,0,Failed,33.9,50.9,34.6,5/14/06
6094.1,1,6094.1-1,1,Active,28,48.5,32.7,5/17/06
6094.1,2,6094.1-2,1,Active,31.5,50.2,34.2,5/18/06
6094.1,3,6094.1-3,1,Active,29.8,49.9,33.2,5/19/06
6094.1,4,6094.1-4,1,Active,29.8,49.9,33.1,5/20/06
6094.1,5,6094.1-5,1,Active,30.7,51,33.5,5/21/06
6094.1,6,6094.1-6,1,Active,30.1,49.6,33.9,5/22/06
6094.1,7,6094.1-7,1,Active,29.6,49.9,33.3,5/23/06
6094.1,8,6094.1-8,1,Active,29.5,51.1,33,5/24/06
6094.1,9,6094.1-9,1,Active,30.2,51,33.4,5/25/06
6094.1,10,6094.1-10,1,Active,28.1,50.4,32.6,5/26/06
6095,1,6095-1,0,Failed,32.6,47.3,35.3,
6095,2,6095-2,0,Failed,33.6,48.9,35.4,
6095.1,1,6095.1-1,1,Active,32.4,49.7,34.8,5/13/06
6095.1,2,6095.1-2,1,Active,33.7,49.6,35.1,5/14/06
6095.1,3,6095.1-3,1,Active,39.3,49.3,35,5/15/06
6095.1,4,6095.1-4,1,Active,32.2,48.5,35,5/16/06
6095.1,5,6095.1-5,1,Active,33.4,49.3,35.4,5/17/06
6095.1,6,6095.1-6,1,Active,32.7,49.5,35.1,5/18/06
6095.1,7,6095.1-7,1,Active,33.6,49.4,35.3,5/19/06
6095.1,8,6095.1-8,1,Active,33.8,49.2,35.2,5/20/06
6095.1,9,6095.1-9,1,Active,34.9,51.1,35.6,5/21/06
6095.1,10,6095.1-10,1,Active,33.7,51.8,34.6,5/22/06
6095.1,11,6095.1-11,1,Active,32.8,49.3,35.3,5/23/06
6095.1,P1,6095.1-P1,1,Active,27.4,46.4,33.1,5/20/06
6096,1,6096-1,1,Failed,34.5,49.5,35.5,5/12/06
6097,1,6097-1,1,Active,34.2,50.8,35.4,5/12/06
6097,2,6097-2,1,Active,35.2,50.6,35.7,5/13/06
6097,3,6097-3,1,Active,35.8,51.4,35.9,5/14/06
6097,4,6097-4,1,Active,31.5,49,34.4,5/15/06
6097,5,6097-5,1,Active,32.7,49.7,34.8,5/16/06
6097,6,6097-6,1,Active,34.7,48.8,35.9,5/17/06
6097,7,6097-7,1,Active,35.3,51,35.6,5/18/06
6097,8,6097-8,1,Active,35.9,52.5,35.6,5/19/06
6097,9,6097-9,1,Active,35.2,52,35.4,5/20/06
6097,10,6097-10,1,Active,34.2,50.3,35.3,5/21/06
6097,P1,6097-P1,1,Active,35.3,49.6,35.8,5/16/06
6098,1,6098-1,1,Active,30.7,50.8,33.2,5/13/06
6098,2,6098-2,1,Active,30.2,48.4,33.5,5/15/06
6098,3,6098-3,1,Active,29.8,49.8,33.5,5/17/06
6098,4,6098-4,1,Active,29.8,49.3,33.7,5/18/06
6098,5,6098-5,1,Active,30.1,49.7,33.3,5/19/06
6098,6,6098-6,1,Active,29.8,48,33.5,5/20/06
6098,7,6098-7,1,Active,29.9,49.1,33.7,5/21/06
6098,8,6098-8,1,Active,29.5,49.6,33.6,5/22/06
6098,9,6098-9,1,Active,28.8,47.4,33.7,5/23/06
6099,1,6099-1,1,Active,28,49.7,32.1,5/13/06
6099,2,6099-2,1,Active,28.6,48.5,32.8,5/14/06
6099,3,6099-3,1,Active,31.1,49.6,34,5/15/06
6099,4,6099-4,1,Active,30.6,48.9,33.9,5/16/06
6099,5,6099-5,1,Active,30.2,49.3,33.6,5/17/06
6099,6,6099-6,1,Active,29.8,49.7,33,5/18/06
6099,7,6099-7,1,Active,31.7,50,34.4,5/19/06
6099,8,6099-8,1,Active,31,49.8,33.9,5/20/06
6099,9,6099-9,1,Active,31.4,50,33.9,5/21/06
6099,10,6099-10,1,Active,30.9,50.4,33.6,5/22/06
6100,1,6100-1,1,Active,33.9,50,35.1,5/13/06
6100,2,6100-2,1,Active,33,50.7,34.5,5/14/06
6100,3,6100-3,1,Active,33.4,50.4,34.9,5/15/06
6100,4,6100-4,1,Active,32.4,49.8,34.5,5/16/06
6100,5,6100-5,1,Active,32.5,49.9,34.6,5/17/06
6100,6,6100-6,1,Active,32.3,50.4,34.8,5/18/06
6100,7,6100-7,1,Active,32.4,49.7,34.5,5/19/06
6100,8,6100-8,1,Active,32.5,51.5,34.3,5/20/06
6100,9,6100-9,1,Active,33,51.1,34.3,5/21/06
6100,10,6100-10,1,Active,32.3,51.6,34.3,5/22/06
6101,1,6101-1,0,Failed,29.1,48.3,33.7,
6101,2,6101-2,0,Failed,29.9,48.6,33.8,
6101,3,6101-3,0,Failed,30.3,48.9,33.7,
6101,4,6101-4,0,Failed,30.1,48.9,33.8,
6101,5,6101-5,0,Failed,29.3,49.2,33.7,
6101,6,6101-6,0,Failed,30.2,49.7,33.7,
6101.1,1,6101.1-1,1,Unobserved,30.7,49,33.8,5/14/06
6101.1,2,6101.1-2,1,Unobserved,30.3,48.7,34.3,5/15/06
6101.1,3,6101.1-3,1,Unobserved,30.1,50.2,33.3,5/16/06
6101.1,4,6101.1-4,1,Unobserved,31.5,48,34.3,5/17/06
6101.1,5,6101.1-5,1,Unobserved,32,48.7,34.8,5/18/06
6101.1,6,6101.1-6,1,Unobserved,32,49.7,34.5,5/19/06
6101.1,7,6101.1-7,1,Unobserved,27.4,47.1,32.7,5/20/06
6101.1,8,6101.1-8,1,Unobserved,28.6,48.4,32.6,5/21/06
6101.1,9,6101.1-9,1,Unobserved,28.7,47.5,33.2,5/22/06
6101.1,10,6101.1-10,1,Unobserved,27.9,47.6,32.7,5/23/06
6101.1,11,6101.1-11,1,Unobserved,28,48.8,32.9,5/24/06
6101.1,12,6101.1-12,1,Unobserved,28,48.4,32.2,5/25/06
6102,1,6102-1,1,Unobserved,28.1,44.6,33.7,
6102,2,6102-2,1,Unobserved,31.2,46.6,35,
6102,3,6102-3,1,Unobserved,32.4,47.6,35.4,5/14/06
6102,4,6102-4,1,Unobserved,31.9,47.3,35.2,5/15/06
6102,6,6102-6,1,Unobserved,30.9,47.1,34.6,5/17/06
6102,7,6102-7,1,Unobserved,30.5,47.3,34.5,5/18/06
6102,8,6102-8,1,Unobserved,30.8,47.4,34.6,5/19/06
6102,9,6102-9,1,Unobserved,30.7,47.2,34.9,
6102,10,6102-10,1,Unobserved,31,47.2,34.7,
6102,11,6102-11,1,Unobserved,31.3,47.3,35.1,
6102,P1,6102-P1,1,Unobserved,32,47.8,35.3,
6103,1,6103-1,1,Unobserved,,51.2,33.1,
6103,2,6103-2,1,Unobserved,,50.5,33.5,
6103,3,6103-3,1,Unobserved,,52.1,33.9,
6103,4,6103-4,1,Unobserved,32.9,52.9,34.1,5/14/06
6103,5,6103-5,1,Unobserved,31.7,50.6,33.8,5/15/06
6103,6,6103-6,1,Unobserved,,,,5/16/06
6103,7,6103-7,1,Unobserved,31.4,50.4,34.1,
6103,8,6103-8,1,Unobserved,30.7,49,34,5/18/06
6103,9,6103-9,1,Unobserved,30.7,50.5,33.9,5/19/06
6103,10,6103-10,1,Unobserved,31.2,51.6,33.3,
6103,11,6103-11,1,Unobserved,31.1,51.2,33.6,
6103,P1,6103-P1,1,Unobserved,33.9,51.2,35.6,5/14/06
6103,P2,6103-P2,1,Unobserved,,,,5/16/06
6104,1,6104-1,0,Failed,,49.7,35.8,
6104,2,6104-2,0,Failed,,50.1,34.9,
6104,3,6104-3,0,Failed,,50.5,34.5,
6104,4,6104-4,0,Failed,34.5,50.4,35.7,5/14/06
6104.1,1,6104.1-1,0,Failed,34.1,49.6,35.3,
6104.1,2,6104.1-2,0,Failed,33.9,49.1,35.2,
6104.2,1,6104.2-1,1,Failed,33.5,50.8,35,
6104.2,2,6104.2-2,1,Failed,33.6,49.7,35,
6105,1,6105-1,1,Unobserved,31.8,49.9,34.4,
6105,2,6105-2,1,Unobserved,30.1,48.2,33.6,
6105,3,6105-3,1,Unobserved,32.8,50.3,34.8,5/15/06
6105,4,6105-4,1,Unobserved,,,,5/16/06
6105,5,6105-5,1,Unobserved,32.9,51,35,5/17/06
6105,6,6105-6,1,Unobserved,34.7,51.7,35,5/18/06
6105,7,6105-7,1,Unobserved,32.9,50.8,34.7,5/19/06
6105,8,6105-8,1,Unobserved,32.7,50.1,34.6,
6105,9,6105-9,1,Unobserved,34,52,34.9,
6105,10,6105-10,1,Unobserved,31.8,51.6,33.8,
6105,11,6105-11,1,Unobserved,31.7,51.1,34.1,
6105,12,6105-12,1,Unobserved,32.4,52.3,34.4,
6106,1,6106-1,0,Failed,30.5,50.5,33.6,5/13/06
6106,2,6106-2,0,Failed,32.1,50.6,34.6,5/14/06
6106,3,6106-3,0,Failed,32.8,50.5,35,5/15/06
6106,4,6106-4,0,Failed,32.1,50,34.6,5/16/06
6106,5,6106-5,0,Failed,32.6,50.2,34.9,5/17/06
6106,6,6106-6,0,Failed,32.3,50.3,34.7,5/18/06
6106,7,6106-7,0,Failed,32.1,50.9,34.2,5/19/06
6106.1,1,6106.1-1,1,Active,27.7,47.9,32.6,
6106.1,2,6106.1-2,1,Active,32.1,51.6,34.9,
6106.1,3,6106.1-3,1,Active,32.4,50.2,35.2,
6106.1,4,6106.1-4,1,Active,28.9,46.8,33.9,5/26/06
6106.1,5,6106.1-5,1,Active,29.4,48.5,34,5/27/06
6106.1,6,6106.1-6,1,Active,30.5,49.4,39.2,5/28/06
6106.1,7,6106.1-7,1,Active,30.3,49.9,33.6,5/29/06
6106.1,8,6106.1-8,1,Active,31.1,49.7,34.4,5/30/06
6106.1,9,6106.1-9,1,Active,32.3,49.5,34.6,5/31/06
6107,1,6107-1,0,Failed,33.5,51.4,34.5,
6107,2,6107-2,0,Failed,33,49.8,34.9,
6107.1,1,6107.1-1,0,Failed,33.2,50,34.9,
6107.1,2,6107.1-2,0,Failed,34.9,51.8,35.2,
6107.1,3,6107.1-3,0,Failed,34,50.1,35.1,5/18/06
6107.1,4,6107.1-4,0,Failed,34.7,49.8,35.1,5/19/06
6107.2,1,6107.2-1,0,Failed,,50,34,
6107.2,2,6107.2-2,0,Failed,,50,34.2,
6107.2,3,6107.2-3,0,Failed,,50.6,34.5,
6107.2,4,6107.2-4,0,Failed,,50,35.3,
6107.2,5,6107.2-5,0,Failed,,48.9,35.4,
6107.2,6,6107.2-6,0,Failed,,51,35,
6108,1,6108-1,1,Unobserved,25,44.8,32.1,5/15/06
6108,2,6108-2,1,Unobserved,,,,5/16/06
6108,3,6108-3,1,Unobserved,29.6,48.1,33.8,5/17/06
6108,4,6108-4,1,Unobserved,30.6,49,33.7,5/18/06
6108,5,6108-5,1,Unobserved,30.9,48.4,34.1,5/19/06
6108,6,6108-6,1,Unobserved,31.8,50,34,5/20/06
6108,7,6108-7,1,Unobserved,32.3,49.5,34.7,5/21/06
6108,8,6108-8,1,Unobserved,31.2,49.2,34,5/22/06
6108,9,6108-9,1,Unobserved,31.1,49.4,33.6,5/23/06
6108,10,6108-10,1,Unobserved,30.2,49.5,33.4,
6108,11,6108-11,1,Unobserved,30,48.8,33.8,
6108,P1,6108-P1,1,Unobserved,32.6,48.9,35.7,5/17/06
6108,P2?,6108-P2?,1,Unobserved,29.7,48.7,33.4,
6109,1,6109-1,0,Failed,32.1,49.3,34.8,5/15/06
6109.1,1,6109.1-1,1,Active,31.4,50,34.3,
6109.1,2,6109.1-2,1,Active,32.2,49.6,34.9,
6109.1,3,6109.1-3,1,Active,,49.5,34.9,
6109.1,4,6109.1-4,1,Active,,48.5,34.9,
6109.1,5,6109.1-5,1,Active,,49.3,34.7,
6109.1,6,6109.1-6,1,Active,,49.6,34.8,
6109.1,7,6109.1-7,1,Active,,48.5,34.9,
6109.1,8,6109.1-8,1,Active,,46.8,33.5,
6109.1,9,6109.1-9,1,Active,,49.7,34.8,
6110,1,6110-1,1,Active,,50.4,34.4,
6110,2,6110-2,1,Active,,49.5,33.5,
6110,3,6110-3,1,Active,,50.7,34.3,
6110,4,6110-4,1,Active,,50.8,35.2,
6110,5,6110-5,1,Active,,50.9,35.9,
6110,6,6110-6,1,Active,,50.9,35.3,
6110,7,6110-7,1,Active,,49.8,35.3,
6110,8,6110-8,1,Active,,50.7,34.5,
6110,9,6110-9,1,Active,,50.1,34.5,
6110,10,6110-10,1,Active,,50.5,34.2,
6111,1,6111-1,0,Failed,,48.9,32.9,
6111,2,6111-2,0,Failed,,48.1,32.6,
6111,3,6111-3,0,Failed,,50.5,33.4,
6112,1,6112-1,0,Failed,34.1,49.6,35.4,5/15/06
6112.1,1,6112.1-1,0,#N/A,33.3,48.5,35.3,
6112.1,2,6112.1-2,0,#N/A,33.6,49.2,35.3,
6113,1,6113-1,1,Active,35.7,51,35.9,5/15/06
6113,2,6113-2,1,Active,34.2,50.7,35.5,5/16/06
6113,3,6113-3,1,Active,34.5,51.5,35.3,5/17/06
6113,4,6113-4,1,Active,35.2,51.2,35.9,5/18/06
6113,5,6113-5,1,Active,35,51.4,35.4,5/19/06
6113,6,6113-6,1,Active,34.1,50.1,35.7,5/20/06
6113,7,6113-7,1,Active,34.2,52.6,35,5/21/06
6113,8,6113-8,1,Active,34.1,51.3,35.4,5/22/06
6113,9,6113-9,1,Active,33.8,50.9,35.2,5/23/06
6113,10,6113-10,1,Active,31.1,48.7,34.6,5/24/06
6113,11,6113-11,1,Active,30.8,49,34.3,5/25/06
6114,1,6114-1,1,Active,26.9,46.8,31.6,5/15/06
6114,2,6114-2,1,Active,28.6,47.2,33.5,5/16/06
6114,3,6114-3,1,Active,27.3,46.6,32.9,5/17/06
6114,4,6114-4,1,Active,28.3,45.7,33.7,5/18/06
6114,5,6114-5,1,Active,29.4,47.3,33.9,5/19/06
6114,6,6114-6,1,Active,29.1,47.3,33.7,5/20/06
6114,7,6114-7,1,Active,28,46.2,33.5,
6114,8,6114-8,1,Active,28.6,46.5,33.6,
6114,P1,6114-P1,1,Active,28,47.4,32.7,
6115,1,6115-1,1,Unobserved,32.5,51.1,34.6,
6115,2,6115-2,1,Unobserved,30.5,48.7,34.1,
6115,3,6115-3,1,Unobserved,30.7,49.3,33.7,5/17/06
6115,4,6115-4,1,Unobserved,30.3,48.6,34.1,5/18/06
6115,5,6115-5,1,Unobserved,31.5,50,33.9,5/19/06
6115,6,6115-6,1,Unobserved,31.1,50.2,34,5/20/06
6115,7,6115-7,1,Unobserved,31.9,50.6,34,5/21/06
6115,8,6115-8,1,Unobserved,30,,,
6116,1,6116-1,1,Unobserved,29.4,49.7,32.8,5/16/06
6116,2,6116-2,1,Unobserved,30,49.9,32.8,5/17/06
6116,3,6116-3,1,Unobserved,31.5,49.3,33.8,5/18/06
6116,4,6116-4,1,Unobserved,30.7,48,34.2,5/19/06
6116,5,6116-5,1,Unobserved,30.8,47.8,33.9,5/20/06
6116,6,6116-6,1,Unobserved,31.4,49.4,33.6,5/21/06
6116,7,6116-7,1,Unobserved,30.6,50,33,5/22/06
6116,8,6116-8,1,Unobserved,30,48.6,33.2,5/23/06
6116,9,6116-9,1,Unobserved,29.3,49.7,32.8,5/24/06
6117,1,6117-1,0,Failed,28.7,44.6,33.4,5/17/06
6117.1,1,6117.1-1,0,Failed,29.7,46.4,33.8,5/18/06
6118,1,6118-1,1,Active,30.2,49.5,33.4,
6118,2,6118-2,1,Active,31.7,48.3,34.3,
6118,3,6118-3,1,Active,32,51.6,33.8,5/18/06
6118,4,6118-4,1,Active,31.8,51.4,33.7,5/19/06
6118,5,6118-5,1,Active,30.9,49.5,33.9,5/21/06
6118,6,6118-6,1,Active,30.4,48.5,34,5/22/06
6118,7,6118-7,1,Active,31,50,33.8,5/23/06
6119,1,6119-1,1,Failed,27,48.5,31.7,5/17/06
6119,2,6119-2,1,Failed,26.8,48.6,31.4,5/18/06
6120,1,6120-1,0,Failed,32.1,51.4,34,5/17/06
6120.1,1,6120.1-1,0,Failed,31.5,49.6,34,
6120.1,2,6120.1-2,0,Failed,31.3,50.1,33.7,
6120.2,1,6120.2-1,0,Failed,31,49.4,33.9,
6120.2,2,6120.2-2,0,Failed,31.2,50.5,34,
6120.2,3,6120.2-3,0,Failed,31.3,50,34.2,
6120.2,4,6120.2-4,0,Failed,31.1,50.9,33.9,
6120.2,5,6120.2-5,0,Failed,31.8,50.6,34.3,
6120.2,6,6120.2-6,0,Failed,32.1,50.4,34,
6121,1,6121-1,1,Active,26,47,31,5/17/06
6121,2,6121-2,1,Active,25.8,46.6,32.1,5/18/06
6121,3,6121-3,1,Active,26.6,46.8,32.9,5/19/06
6121,4,6121-4,1,Active,27,47.2,32.7,5/20/06
6121,5,6121-5,1,Active,27.4,48,32.6,5/21/06
6121,6,6121-6,1,Active,27,47.2,32.5,5/22/06
6121,7,6121-7,1,Active,26.5,47,32.5,5/23/06
6121,8,6121-8,1,Active,26.8,47.2,32.8,5/24/06
6121,9,6121-9,1,Active,26.4,47,32.6,5/25/06
6121,10,6121-10,1,Active,26.2,46.8,32.1,5/26/06
6121,11,6121-11,1,Active,24,46,31.1,5/28/06
6121,12,6121-12,1,Active,24.1,45.9,31.1,5/29/06
6122,1,6122-1,0,Failed,33.8,49.6,34.6,5/17/06
6122,2,6122-2,0,Failed,34.8,49.6,35.3,5/18/06
6122,3,6122-3,0,Failed,35.9,50.7,36.1,5/19/06
6122,4,6122-4,0,Failed,31.7,48.9,34.6,5/20/06
6122,5,6122-5,0,Failed,32.3,50,34.3,5/21/06
6122,6,6122-6,0,Failed,33.4,48.1,35.1,5/23/06
6123,1,6123-1,1,Active,31.4,48.5,34.2,5/18/06
6123,2,6123-2,1,Active,31.1,47.6,34.5,5/19/06
6123,3,6123-3,1,Active,30,47.2,34.1,5/20/06
6123,4,6123-4,1,Active,30.1,48.5,33.8,5/21/06
6123,5,6123-5,1,Active,29,47.7,33.5,
6123,6,6123-6,1,Active,29.8,47.1,33.6,
6123,7,6123-7,1,Active,29,47.1,33.3,5/24/06
6123,8,6123-8,1,Active,28.5,48.6,33,
6123,9,6123-9,1,Active,27.7,47.4,32.6,
6124,1,6124-1,1,Active,33.4,50.7,34.8,
6124,2,6124-2,1,Active,34.4,52.3,35.1,
6124,3,6124-3,1,Active,32.3,50,34.8,5/20/06
6124,4,6124-4,1,Active,33.6,50.8,34.8,5/21/06
6124,5,6124-5,1,Active,30.2,49.3,33.4,5/22/06
6124,6,6124-6,1,Active,31.6,49.3,34.3,5/23/06
6124,7,6124-7,1,Active,30.9,49,34.4,5/24/06
6124,8,6124-8,1,Active,30.3,48.8,33.8,5/25/06
6125,1,6125-1,1,Active,34.1,49.3,35.7,5/19/06
6125,2,6125-2,1,Active,33.7,49.2,35.3,5/20/06
6125,3,6125-3,1,Active,34.7,49.5,35.5,5/21/06
6125,4,6125-4,1,Active,30.6,47.4,34.2,5/22/06
6125,5,6125-5,1,Active,31.9,47.9,34.8,5/23/06
6125,6,6125-6,1,Active,30.3,47.7,34.4,5/24/06
6125,7,6125-7,1,Active,32.1,48.5,34.8,5/25/06
6125,8,6125-8,1,Active,32.2,47.7,35,5/26/06
6125,9,6125-9,1,Active,32.3,48.7,34.9,5/27/06
6125,10,6125-10,1,Active,32.7,48.2,35,5/28/06
6126,1,6126-1,1,Unobserved,28.2,47.4,33,
6126,2,6126-2,1,Unobserved,26.2,45.7,32.4,
6126,3,6126-3,1,Unobserved,29.6,47.9,34,5/22/06
6126,4,6126-4,1,Unobserved,30.6,48.5,34.2,5/23/06
6126,5,6126-5,1,Unobserved,30.7,48,34,5/24/06
6126,6,6126-6,1,Unobserved,30.8,50.3,34.1,5/25/06
6126,7,6126-7,1,Unobserved,31.2,50,34.6,5/26/06
6126,8,6126-8,1,Unobserved,30.9,49.9,34.2,5/27/06
6126,9,6126-9,1,Unobserved,29.3,49,33.6,5/28/06
6127,1,6127-1,1,Active,31.1,49.4,34.3,
6127,2,6127-2,1,Active,28.2,46.5,33.3,
6127,3,6127-3,1,Active,30.5,58.7,33.8,5/22/06
6127,4,6127-4,1,Active,30.4,48.5,34.4,5/24/06
6127,5,6127-5,1,Active,30,49.7,33.5,5/25/06
6127,6,6127-6,1,Active,29.1,47.9,33.8,5/26/06
6127,7,6127-7,1,Active,29.4,49.6,33.2,5/27/06
6127,P1,6127-P1,1,Active,30.6,47.4,34.7,
6127,P2,6127-P2,1,Active,32.4,50.9,34.8,5/22/06
6128,1,6128-1,1,Unobserved,31.3,51.2,33.7,5/21/06
6128,2,6128-2,1,Unobserved,32.6,50.7,34.2,5/22/06
6128,3,6128-3,1,Unobserved,35.1,52.8,35.2,5/23/06
6128,4,6128-4,1,Unobserved,34.6,52.1,35,5/24/06
6128,5,6128-5,1,Unobserved,33.7,52,34.8,5/25/06
6128,6,6128-6,1,Unobserved,32.5,51.6,34.6,5/26/06
6129,1,6129-1,0,Failed,29.2,48.2,33.9,5/21/06
6129,2,6129-2,0,Failed,30.1,48.3,34.4,5/22/06
6129,3,6129-3,0,Failed,32.3,49.7,35.3,5/23/06
6129,4,6129-4,0,Failed,32.5,49.2,35.3,5/24/06
6129,5,6129-5,0,Failed,32.4,49,35.1,5/25/06
6129,6,6129-6,0,Failed,31.4,49.6,34.5,5/26/06
6129,7,6129-7,0,Failed,31.5,51,34.2,5/27/06
6129,8,6129-8,0,Failed,30.1,49.2,33.8,5/28/06
6130,1,6130-1,1,Active,30.3,48,34,5/21/06
6130,2,6130-2,1,Active,31.3,47.9,34.4,
6130,3,6130-3,1,Active,27.9,45.2,33.5,
6130,4,6130-4,1,Active,31,49.2,33.8,
6130,5,6130-5,1,Active,31.5,48,34.3,
6130,6,6130-6,1,Active,31.6,48.3,34.5,
6130,7,6130-7,1,Active,28.9,47.6,33,5/27/06
6130,8,6130-8,1,Active,,,,
6130,9,6130-9,1,Active,26.8,47.2,33.7,5/29/06
6131,1,6131-1,1,Active,29.1,50.1,33.1,
6131,2,6131-2,1,Active,30.4,51.1,33.3,
6131,3,6131-3,1,Active,29.8,51.5,33,5/24/06
6131,4,6131-4,1,Active,30.1,47.4,34.1,
6131,5,6131-5,1,Active,30.5,48.7,33.8,
6131,6,6131-6,1,Active,29.3,47,34,5/27/06
6131,7,6131-7,1,Active,29.3,48.5,33.7,5/28/06
6131,8,6131-8,1,Active,29.8,48.4,33.7,5/29/06
6131,9,6131-9,1,Active,28.5,49.7,32.4,5/30/06
6132,1,6132-1,0,Failed,32.8,51.5,34.3,5/23/06
6132,2,6132-2,0,Failed,33.3,49.6,34.9,5/24/06
6133,1,6133-1,1,Active,28.3,48.6,33.4,
6133,2,6133-2,1,Active,25.1,45.9,32,
6133,3,6133-3,1,Active,30,47.1,34,5/25/06
6133,4,6133-4,1,Active,29.8,49.5,33.8,5/26/06
6133,5,6133-5,1,Active,30.2,49.7,33.9,5/27/06
6133,6,6133-6,1,Active,30,49.3,33.8,5/28/06
6133,7,6133-7,1,Active,29.1,48.6,33.8,5/29/06
6133,8,6133-8,1,Active,29.3,49.4,33.3,5/30/06
6133,9,6133-9,1,Active,29.1,49,33.3,5/31/06
6134,1,6134-1,1,Active,27.6,45.7,34.1,
6134,2,6134-2,1,Active,25.7,44.8,33.1,
6134,3,6134-3,1,Active,23.5,43.9,31.8,
6134,4,6134-4,1,Active,28.6,45.4,34.1,5/25/06
6134,5,6134-5,1,Active,28.7,47.3,33.8,5/26/06
6134,6,6134-6,1,Active,27.3,46.9,32.9,5/27/06
6134,7,6134-7,1,Active,26.4,46.4,32.6,5/28/06
6134,8,6134-8,1,Active,27.1,46.7,32.7,5/29/06
6134,9,6134-9,1,Active,27.5,46.1,33.1,5/30/06
6135,1,6135-1,1,Active,31.1,49.5,33.8,5/24/06
6135,2,6135-2,1,Active,32.4,50.2,34.3,5/25/06
6135,3,6135-3,1,Active,32.1,49.3,34.9,5/26/06
6135,4,6135-4,1,Active,33,51.9,34.8,5/27/06
6135,5,6135-5,1,Active,32.3,50.7,33.9,5/28/06
6135,6,6135-6,1,Active,32.7,51.4,34.3,5/29/06
6135,7,6135-7,1,Active,32.1,50.9,34.2,5/30/06
6135,8,6135-8,1,Active,32,50.2,34.5,5/31/06
6135,9,6135-9,1,Active,33,51.2,34.4,6/1/06
6136,1,6136-1,0,Failed,30.6,49.2,34,
6136,2,6136-2,0,Failed,31.4,50.2,34.2,
6136,3,6136-3,0,Failed,31.2,50.2,34.3,
6136,4,6136-4,0,Failed,30.3,50.2,33.7,
6136,5,6136-5,0,Failed,29.1,50,33,
6136,6,6136-6,0,Failed,27.5,47.7,32.7,
6136,7,6136-7,0,Failed,28.2,48,33.3,5/26/06
6137,1,6137-1,1,Active,31.5,50.1,33.9,
6137,2,6137-2,1,Active,32.5,51,34.5,
6137,3,6137-3,1,Active,31.4,49.4,34.7,5/26/06
6137,4,6137-4,1,Active,31.7,50.9,34.5,5/27/06
6137,5,6137-5,1,Active,32.4,51.2,34.5,5/28/06
6137,6,6137-6,1,Active,32.1,51.9,33.9,5/29/06
6137,7,6137-7,1,Active,31.8,51.9,34.1,5/30/06
6137,8,6137-8,1,Active,32.1,51.2,34.4,5/31/06
6137,9,6137-9,1,Active,31.5,50.9,34.2,6/1/06
6138,1,6138-1,1,Active,28,47.7,33.5,
6138,2,6138-2,1,Active,26.5,48.1,32.4,
6138,3,6138-3,1,Active,26.9,46.6,33,5/26/06
6138,4,6138-4,1,Active,27.1,47.6,32.3,5/27/06
6138,5,6138-5,1,Active,26.3,46.7,32.1,5/28/06
6138,6,6138-6,1,Active,,,,5/29/06
6138,7,6138-7,1,Active,26.2,47.8,31.6,5/30/06
6138,8,6138-8,1,Active,25.4,46.3,31.7,5/31/06
6138,9,6138-9,1,Active,,,,6/1/06
6139,1,6139-1,1,Failed,31.1,49.6,34.1,
6139,2,6139-2,1,Failed,32.4,50.1,34.1,
6140,1,6140-1,1,Active,32.5,49.6,34.3,
6140,2,6140-2,1,Active,31.7,50.3,35,
6140,3,6140-3,1,Active,35.4,52.8,35.8,5/27/06
6140,4,6140-4,1,Active,35.7,52.1,35.7,5/28/06
6140,5,6140-5,1,Active,31.5,49.5,34.3,5/29/06
6140,6,6140-6,1,Active,30.7,48.8,34,5/30/06
6140,7,6140-7,1,Active,32,50.3,34.4,5/31/06
6140,8,6140-8,1,Active,31.6,49.9,33.9,6/1/06
6141,1,6141-1,0,Failed,33.8,49.4,35.3,5/26/06
6141.1,1,6141.1-1,0,Failed,33.7,48.8,35.8,5/27/06
6141.1,2,6141.1-2,0,Failed,33.1,48,35.5,5/28/06
6142,1,6142-1,1,Active,,47.6,32.9,
6142,2,6142-2,1,Active,,48.6,32.1,
6142,3,6142-3,1,Active,,50.4,31.4,
6142,4,6142-4,1,Active,,48.3,32,
6142,5,6142-5,1,Active,,50.5,32.8,
6142,6,6142-6,1,Active,,49.7,32.7,
6142,7,6142-7,1,Active,,50.1,32,
6142,8,6142-8,1,Active,,50.2,32,
6143,1,6143-1,1,Active,,50.3,34.5,
6143,2,6143-2,1,Active,,50.3,34.1,
6143,3,6143-3,1,Active,,49.4,33.4,
6143,4,6143-4,1,Active,,49.5,33.9,
6143,5,6143-5,1,Active,,49.5,33.2,
6143,6,6143-6,1,Active,,50,33.9,
6143,7,6143-7,1,Active,,51.1,33.8,
6143,8,6143-8,1,Active,,50.3,33.8,
6143,9,6143-9,1,Active,,50.4,33.5,
6144,1,6144-1,0,Failed,,47.8,33.9,
6144,2,6144-2,0,Failed,,49.8,33.9,
6144,3,6144-3,0,Failed,,50.6,33.9,
6144,4,6144-4,0,Failed,,51.1,34.8,
6144,5,6144-5,0,Failed,,51.7,34.7,
6144,6,6144-6,0,Failed,,49.8,33.9,
6144,7,6144-7,0,Failed,,50.5,34.2,
6145,1,6145-1,1,Active,24.3,45.8,31.4,
6145,2,6145-2,1,Active,24.7,45.4,31.4,
6145,3,6145-3,1,Active,26.3,47.6,31.8,6/1/06
6145,4,6145-4,1,Active,26.1,47.1,32.3,6/2/06
6145,5,6145-5,1,Active,26.5,47.6,32.4,6/3/06
6145,6,6145-6,1,Active,26,45.9,32.6,6/4/06
6147,1,6147-1,1,Active,,47.9,33.7,
6147,2,6147-2,1,Active,,50.7,34.7,
6147,3,6147-3,1,Active,,45.5,32.1,
6147,4,6147-4,1,Active,,49.2,33.5,
6147,5,6147-5,1,Active,,47.5,33.7,
6147,6,6147-6,1,Active,,50.2,34.9,
6147,7,6147-7,1,Active,,50,34.8,
6147,8,6147-8,1,Active,,50.4,34.7,
6148,1,6148-1,1,Active,28.1,50.1,33,
6148,2,6148-2,1,Active,28.9,50.3,33,
6148,3,6148-3,1,Active,28.5,50.5,33.4,
6148,4,6148-4,1,Active,28.6,50,33.5,
6148,5,6148-5,1,Active,28.9,50.8,33.2,
6148,6,6148-6,1,Active,29.5,50.8,33.5,
6148,7,6148-7,1,Active,28.6,51,33.5,
6148,8,6148-8,1,Active,29.4,50.7,33.5,
6148,9,6148-9,1,Active,27.4,49.6,32.9,
6148,10,6148-10,1,Active,28.7,51,33.2,
6151,1,6151-1,1,Active,,50.2,34.2,
6151,2,6151-2,1,Active,,51.1,35.7,
6151,3,6151-3,1,Active,,50,34.9,
6151,4,6151-4,1,Active,,50.7,35.1,
6201,1,6201-1,0,Failed,32,50.2,34.6,
6201,2,6201-2,0,Failed,31,50.2,34.3,
6201,3,6201-3,0,Failed,30.4,49.2,34,
6201,4,6201-4,0,Failed,31.4,49.4,34.3,
6201,6,6201-6,0,Failed,29,49.3,33.3,
6201,7,6201-7,0,Failed,29,50.1,32.8,
6201,8,6201-8,0,Failed,29.8,49.5,33.6,
6201,9,6201-9,0,Failed,29.3,49.3,33.6,
6201,10,6201-10,0,Failed,29.5,50,33.3,
6202,1,6202-1,1,Unobserved,26.6,44.1,32.9,
6202,2,6202-2,1,Unobserved,28.9,46.7,33.6,
6202,3,6202-3,1,Unobserved,28.2,45.2,33.7,
6202,4,6202-4,1,Unobserved,27.4,45,33.4,
6203,1,6203-1,1,Unobserved,27,47.9,32.5,
6204,1,6204-1,1,Unobserved,34,53.3,34.5,
6204,2,6204-2,1,Unobserved,35,52.1,35.5,
6204,3,6204-3,1,Unobserved,34.6,52.8,35.5,
6204,4,6204-4,1,Unobserved,33.1,50.5,35.3,
6204,5,6204-5,1,Unobserved,33.5,50.4,35.1,
6204,6,6204-6,1,Unobserved,,,,
6204,7,6204-7,1,Unobserved,,,,
6204,8,6204-8,1,Unobserved,28.7,47.1,33.7,
6204,9,6204-9,1,Unobserved,,,,
6205,1,6205-1,1,Unobserved,31,49,33.8,
6205,2,6205-2,1,Unobserved,30.4,50,33.9,
6205,3,6205-3,1,Unobserved,30.3,49.6,32.6,
6205,4,6205-4,1,Unobserved,30.9,49.1,33.7,
6205,5,6205-5,1,Unobserved,30.4,50,33.3,
6205,6,6205-6,1,Unobserved,,,,
6205,7,6205-7,1,Unobserved,,48.2,33.8,
6206,1,6206-1,1,Unobserved,28.6,50.1,32.5,
6206,2,6206-2,1,Unobserved,28.4,50.2,32.3,
6207,1,6207-1,1,Unobserved,27.8,46.5,32.8,
6207,2,6207-2,1,Unobserved,26.5,46.3,32.1,
6207,3,6207-3,1,Unobserved,,,,
6207,4,6207-4,1,Unobserved,,,,
6207,5,6207-5,1,Unobserved,,,,
6207,6,6207-6,1,Unobserved,,,,
6207,7,6207-7,1,Unobserved,,,,
6207,8,6207-8,1,Unobserved,,,,
6207,9,6207-9,1,Unobserved,,,,
6208,1,6208-1,1,Unobserved,34.7,51.1,35.1,
6208,2,6208-2,1,Unobserved,33.7,49.1,34.6,
6208,3,6208-3,1,Unobserved,,,,
6208,4,6208-4,1,Unobserved,,,,
6208,5,6208-5,1,Unobserved,,,,
6208,6,6208-6,1,Unobserved,,,,
6208,7,6208-7,1,Unobserved,,,,
6208,8,6208-8,1,Unobserved,,,,
6209,1,6209-1,1,Active,30.4,50.3,33.6,
6209,2,6209-2,1,Active,33.5,52.9,34.5,
6209,3,6209-3,1,Active,32.7,51,34.5,
6209,4,6209-4,1,Active,33,51,34.6,
6209,5,6209-5,1,Active,31.2,51.7,34.4,
6209,6,6209-6,1,Active,,50.7,34.5,
6209,7,6209-7,1,Active,,50.1,33.4,
6209,8,6209-8,1,Active,,51.1,33.7,
6210,1,6210-1,1,Active,28.9,47.2,34,
6210,2,6210-2,1,Active,26.3,44.5,33.3,
6210,3,6210-3,1,Active,,46.9,34.3,
6210,4,6210-4,1,Active,,47.2,34.3,
6210,5,6210-5,1,Active,,46.9,33.9,
6210,6,6210-6,1,Active,,46.5,34.3,
6210,7,6210-7,1,Active,,46.2,34.1,
6210,8,6210-8,1,Active,,48.2,33.4,
6210,9,6210-9,1,Active,,48.1,33.4,
6210,10,6210-10,1,Active,,47.5,33.6,
6210,11,6210-11,1,Active,,48.5,33.3,
6210,P1,6210-P1,1,Active,,47.7,33,
6212,1,6212-1,1,Unobserved,,47.4,33.8,
6212,2,6212-2,1,Unobserved,,49.2,33.8,
6212,3,6212-3,1,Unobserved,,47.6,34.2,
6212,4,6212-4,1,Unobserved,,46.3,34.8,
6212,5,6212-5,1,Unobserved,,46.6,33.2,
6212,6,6212-6,1,Unobserved,,,,
6212,7,6212-7,1,Unobserved,,,,
6212,8,6212-8,1,Unobserved,,,,
6214,1,6214-1,1,Unobserved,,50.5,343,
6214,2,6214-2,1,Unobserved,,48.6,33.9,
6214,3,6214-3,1,Unobserved,,50.6,35.7,
6214,4,6214-4,1,Unobserved,,49.8,35,
6214,5,6214-5,1,Unobserved,,51.9,35.4,
6214,6,6214-6,1,Unobserved,,50.4,35,
6214,7,6214-7,1,Unobserved,,49,34.4,
6214,8,6214-8,1,Unobserved,,50.6,34.2,
6214,9,6214-9,1,Unobserved,,49.5,34.6,
6214,10,6214-10,1,Unobserved,,49.1,34.8,
6215,1,6215-1,1,Unobserved,,50.3,35,
6215,2,6215-2,1,Unobserved,,45.8,33.6,
6215,3,6215-3,1,Unobserved,,49.8,35.7,
6215,4,6215-4,1,Unobserved,,49.2,34.3,
6215,5,6215-5,1,Unobserved,,50.8,33.7,
6215,6,6215-6,1,Unobserved,,46.7,33.6,
6215,7,6215-7,1,Unobserved,,48.5,33.8,
6215,8,6215-8,1,Unobserved,,46.8,34.6,
6215,9,6215-9,1,Unobserved,,47.5,34,
6215,10,6215-10,1,Unobserved,,47.8,34.9,
6215,11,6215-11,1,Unobserved,,49.6,34.6,
6215,12,6215-12,1,Unobserved,,49.5,34,
6216,1,6216-1,1,Active,,50.2,31.9,
6216,2,6216-2,1,Active,,48.6,31.4,
6216,3,6216-3,1,Active,,49.3,33.6,
6216,4,6216-4,1,Active,,49.4,33.3,
6216,5,6216-5,1,Active,,48.6,32.7,
6216,6,6216-6,1,Active,,46.9,31.7,
6216,7,6216-7,1,Active,,48.6,32.5,
6216,8,6216-8,1,Active,,47.3,31.5,
6216,P1,6216-P1,1,Active,,46.8,31.7,
6217,1,6217-1,1,Active,,50,33,
6217,2,6217-2,1,Active,,49.5,32.9,
6217,3,6217-3,1,Active,,47.5,32.7,
6217,4,6217-4,1,Active,,50.6,33.6,
6217,5,6217-5,1,Active,,47.3,32.2,
6217,6,6217-6,1,Active,,49.7,33,
6217,7,6217-7,1,Active,,48.7,32.7,
6217,8,6217-8,1,Active,,47.2,32.4,
6218,1,6218-1,1,Active,,50.3,35.3,
6218,2,6218-2,1,Active,,51.4,34.3,
6218,3,6218-3,1,Active,,50.2,33.9,
6218,4,6218-4,1,Active,,51.9,34.4,
6218,5,6218-5,1,Active,,50.9,35.1,
6218,6,6218-6,1,Active,,49.1,33.5,
6218,7,6218-7,1,Active,,48,32.1,
6218,8,6218-8,1,Active,,51.4,33.6,
6218,9,6218-9,1,Active,,50.8,34.1,
6218,10,6218-10,1,Active,,,,
6236,1,6236-1,1,Unobserved,,51.2,34.8,
6236,2,6236-2,1,Unobserved,,51,35.7,
6236,3,6236-3,1,Unobserved,,50,35.5,
6236,4,6236-4,1,Unobserved,,50,35.2,
6236,5,6236-5,1,Unobserved,,50.1,34.7,
6236,6,6236-6,1,Unobserved,,51.2,35.6,
6236,7,6236-7,1,Unobserved,,49.8,34.1,
6236,8,6236-8,1,Unobserved,,50.8,35.5,
6236,9,6236-9,1,Unobserved,,50.6,35.2,
6238,2,6238-2,1,Unobserved,,48,34.5,
6238,3,6238-3,1,Unobserved,,49,34.4,
6238,6,6238-6,1,Unobserved,,48.2,34.8,
6238,7,6238-7,1,Unobserved,,48.6,34.7,
6238,8,6238-8,1,Unobserved,,46.5,34,
6238,9,6238-9,1,Unobserved,,48.6,34.2,
6238,10,6238-10,1,Unobserved,,48.1,34.1,
6238,11,6238-11,1,Unobserved,,48.1,33.9,
6238,12,6238-12,1,Unobserved,,48.6,33.9,
6238,13,6238-13,1,Unobserved,,48.8,34.2,
6238,P1,6238-P1,1,Unobserved,,50.5,34.2,
6238,P2,6238-P2,1,Unobserved,,50.4,33.4,
6238,P3,6238-P3,1,Unobserved,,49.6,33.8,
6239,1,6239-1,1,Active,,50.8,34.1,
6239,2,6239-2,1,Active,,47.9,33.8,
6239,3,6239-3,1,Active,,49.6,34,
6239,4,6239-4,1,Active,,49.6,33.8,
6239,5,6239-5,1,Active,,48.5,34.5,
6239,6,6239-6,1,Active,,50,34.2,
6239,7,6239-7,1,Active,,49.8,33.7,
6239,8,6239-8,1,Active,,50.1,34.5,
6239,9,6239-9,1,Active,,,,
6239,10,6239-10,1,Active,,48.7,33.4,
6240,1,6240-1,1,Active,,47.5,34.2,
6240,2,6240-2,1,Active,,50.3,35.3,
6240,3,6240-3,1,Active,,50.1,35,
6240,4,6240-4,1,Active,,51,34.9,
6240,5,6240-5,1,Active,,50.4,35.1,
6240,6,6240-6,1,Active,,50.2,34.1,
6240,7,6240-7,1,Active,,49.8,34.5,
6240,8,6240-8,1,Active,,49.7,34.5,
6240,9,6240-9,1,Active,,,,
6240,10,6240-10,1,Active,,47.6,33.5,
6241,1,6241-1,1,Active,,49.4,34.5,
6241,2,6241-2,1,Active,,48.3,34,
6241,3,6241-3,1,Active,,48.7,34.1,
6241,4,6241-4,1,Active,,47.9,34.2,
6241,5,6241-5,1,Active,,47.5,32.8,
6241,6,6241-6,1,Active,,48.3,34.2,
6241,7,6241-7,1,Active,,49,33.4,
6241,8,6241-8,1,Active,,49.9,33.9,
6241,9,6241-9,1,Active,,49.5,33.4,
6242,1,6242-1,1,Active,,47.6,33.8,
6242,2,6242-2,1,Active,,50,33.8,
6242,3,6242-3,1,Active,,50.3,33.6,
6242,4,6242-4,1,Active,,49.4,33.7,
6242,5,6242-5,1,Active,,51.5,34.1,
6242,6,6242-6,1,Active,,50.5,33.9,
6242,7,6242-7,1,Active,,49.9,34.7,
6242,8,6242-8,1,Active,,49.5,34.3,
6242,9,6242-9,1,Active,,,,
6242,10,6242-10,1,Active,,52.2,33.3,
6243.1,1,6243.1-1,1,Active,,50.6,34.3,
6243.1,2,6243.1-2,1,Active,,47.6,34,
6243.1,3,6243.1-3,1,Active,,49,34.2,
6243.1,4,6243.1-4,1,Active,,50.1,34.1,
6243.1,5,6243.1-5,1,Active,,49.9,33.9,
6243.1,6,6243.1-6,1,Active,,49.8,34,
6243.1,7,6243.1-7,1,Active,,,,
6243.1,8,6243.1-8,1,Active,,51,33.7,
6243.1,9,6243.1-9,1,Active,,49.4,33.3,
6244,1,6244-1,1,Active,,50.9,34.2,
6244,2,6244-2,1,Active,,50.1,34.5,
6244,3,6244-3,1,Active,,50.5,34.6,
6244,4,6244-4,1,Active,,50.8,34.6,
6244,5,6244-5,1,Active,,49.5,34.6,
6244,6,6244-6,1,Active,,49.6,34.5,
6244,7,6244-7,1,Active,,50.2,34.1,
6244,8,6244-8,1,Active,,49.6,35,
6244,9,6244-9,1,Active,,,,
6244,10,6244-10,1,Active,,48.4,34,
6245,1,6245-1,1,Active,,51.6,34,
6245,2,6245-2,1,Active,,52.4,34.2,
6245,3,6245-3,1,Active,,52.7,33.5,
6245,4,6245-4,1,Active,,47.5,32.9,
6245,5,6245-5,1,Active,,52.3,34.2,
6245,6,6245-6,1,Active,,52.6,33.1,
6245,7,6245-7,1,Active,,51.4,33.3,
6245,8,6245-8,1,Active,,52.2,34,
6245,9,6245-9,1,Active,,49.6,33.3,
6245,10,6245-10,1,Active,,51.6,33.2,
6245,11,6245-11,1,Active,,51.1,33.3,
6246,1,6246-1,1,Active,,50.7,35.2,
6246,2,6246-2,1,Active,,50.4,35,
6246,3,6246-3,1,Active,,49.2,34.5,
6246,4,6246-4,1,Active,,49.6,35.3,
6246,5,6246-5,1,Active,,51.4,34.7,
6246,6,6246-6,1,Active,,51.1,35.2,
6246,7,6246-7,1,Active,,50.6,34.6,
6246,8,6246-8,1,Active,,51.4,34,
6246,9,6246-9,1,Active,,51,34.1,
6246,10,6246-10,1,Active,,51,34.7,
6247,1,6247-1,1,Active,,46.2,33.1,
6247,2,6247-2,1,Active,,47.9,34.6,
6247,3,6247-3,1,Active,,47.9,34.3,
6247,4,6247-4,1,Active,,48.2,34.9,
6247,5,6247-5,1,Active,,50.6,33.8,
6247,6,6247-6,1,Active,,48.7,34.8,
6247,7,6247-7,1,Active,,47.7,34.5,
6247,8,6247-8,1,Active,,48.5,34.5,
6247,9,6247-9,1,Active,,49.3,33.4,
6247,10,6247-10,1,Active,,47.8,33.9,
6253,1,6253-1,1,Unobserved,,48.6,33.6,
6253,2,6253-2,1,Unobserved,,48.5,33.7,
6253,3,6253-3,1,Unobserved,,47.1,32.9,
6253,4,6253-4,1,Unobserved,,46.8,34.7,
6253,5,6253-5,1,Unobserved,,49.3,34.4,
6253,6,6253-6,1,Unobserved,,49.7,34.7,
6253,7,6253-7,1,Unobserved,,50.2,34.4,
6253,8,6253-8,1,Unobserved,,49.9,34.5,
6254,1,6254-1,1,Unobserved,,51.9,34,
6254,2,6254-2,1,Unobserved,,52.4,33.8,
6254,3,6254-3,1,Unobserved,,49.7,33.5,
6254,4,6254-4,1,Unobserved,,50.8,32.1,
6254,P1,6254-P1,1,Unobserved,,48.5,32.4,
6254,P2,6254-P2,1,Unobserved,,48.1,33.2,
6255,1,6255-1,1,Unobserved,,49.8,33.5,
6255,2,6255-2,1,Unobserved,,45.9,33.3,
6255,3,6255-3,1,Unobserved,,46.8,34.5,
6255,4,6255-4,1,Unobserved,,46.6,34.5,
6255,5,6255-5,1,Unobserved,,48.1,34.3,
6255,6,6255-6,1,Unobserved,,49.2,34.8,
6255,7,6255-7,1,Unobserved,,47,34.2,
6255,8,6255-8,1,Unobserved,,46.7,34.6,
6255,9,6255-9,1,Unobserved,,47.3,34.2,
6255,10,6255-10,1,Unobserved,,48.2,34.1,
6256,1,6256-1,1,Unobserved,,46.2,31.5,
6256,2,6256-2,1,Unobserved,,46.5,31.9,
6256,3,6256-3,1,Unobserved,,47.1,33.2,
6256,4,6256-4,1,Unobserved,,45.3,30.4,
6256,5,6256-5,1,Unobserved,,41.8,28.8,
6256,6,6256-6,1,Unobserved,,48.5,33.3,
6256,7,6256-7,1,Unobserved,,48.4,33.4,
6256,8,6256-8,1,Unobserved,,48.4,33.3,
6256,9,6256-9,1,Unobserved,,48.1,33.1,
6257,1,6257-1,1,Unobserved,,48.3,33.3,
6257,2,6257-2,1,Unobserved,,49.9,33.8,
6257,3,6257-3,1,Unobserved,,49.6,34.2,
6257,4,6257-4,1,Unobserved,,49.2,34,
6257,5,6257-5,1,Unobserved,,49.2,33.6,
6257,6,6257-6,1,Unobserved,,48,34.3,
6257,7,6257-7,1,Unobserved,,47.8,33.7,
6257,8,6257-8,1,Unobserved,,49,34.4,
6257,9,6257-9,1,Unobserved,,48.2,33.3,
6258,1,6258-1,1,Unobserved,,50.2,34.3,
6258,2,6258-2,1,Unobserved,,49.3,33.9,
6258,3,6258-3,1,Unobserved,,49.1,34.3,
6258,4,6258-4,1,Unobserved,,50.7,34.2,
6258,5,6258-5,1,Unobserved,,49.7,33.5,
6258,6,6258-6,1,Unobserved,,46.6,32.3,
6258,7,6258-7,1,Unobserved,,47.1,32.6,
6258,8,6258-8,1,Unobserved,,46.6,32.2,
6258,9,6258-9,1,Unobserved,,45.8,32.4,
6259,1,6259-1,1,Unobserved,,51.5,34.7,
6259,2,6259-2,1,Unobserved,,51.9,35.7,
6259,3,6259-3,1,Unobserved,,50.7,34.9,
6259,4,6259-4,1,Unobserved,,50.9,35.2,
6259,5,6259-5,1,Unobserved,,50.4,35.5,
6259,6,6259-6,1,Unobserved,,49,33.7,
6259,7,6259-7,1,Unobserved,,51.3,35.1,
6259,8,6259-8,1,Unobserved,,50.2,34.2,
6259,9,6259-9,1,Unobserved,,50.6,35,
6260,1,6260-1,1,Active,,47,33.2,
6260,2,6260-2,1,Active,,48.1,33.7,
6260,3,6260-3,1,Active,,46.2,34.5,
6260,4,6260-4,1,Active,,48.3,33.7,
6260,5,6260-5,1,Active,,49.1,34.2,
6260,6,6260-6,1,Active,,47.9,33.5,
6260,7,6260-7,1,Active,,46,33,
6260,8,6260-8,1,Active,,47.3,32.9,
6260,9,6260-9,1,Active,,46.5,33.7,
6261,1,6261-1,1,Unobserved,,51.5,34.1,
6261,2,6261-2,1,Unobserved,,51.2,33.9,
6261,3,6261-3,1,Unobserved,,50.5,33.2,
6261,4,6261-4,1,Unobserved,,52.3,33.8,
6261,5,6261-5,1,Unobserved,,52,33.7,
6261,6,6261-6,1,Unobserved,,52.3,33.9,
6261,7,6261-7,1,Unobserved,,47.9,32.5,
6261,8,6261-8,1,Unobserved,,50.9,33.9,
6261,9,6261-9,1,Unobserved,,50.8,34.1,
6261,10,6261-10,1,Unobserved,,51.5,34.2,
6262,1,6262-1,1,Active,,45.6,32.1,
6262,2,6262-2,1,Active,,46.6,32.9,
6262,3,6262-3,1,Active,,47.5,32.9,
6262,4,6262-4,1,Active,,47.3,32.8,
6262,5,6262-5,1,Active,,49.2,33.6,
6262,6,6262-6,1,Active,,48.6,33.2,
6262,7,6262-7,1,Active,,,,
6262,8,6262-8,1,Active,,47.6,32.7,
6262,9,6262-9,1,Active,,47.7,32.4,
6262,10,6262-10,1,Active,,47.5,32.2,